Gem Name,Base,20/20,21/20,Vaal price,Listed
Anomalous Determination,28.39,75.8,45879.0,0.0,11
Divergent Inspiration Support,1199.34,1087.96,19532.98,0.0,28
Anomalous Kinetic Blast,245.17,596.43,10705.1,0.0,15
Divergent Power Charge On Critical Support,807.47,1359.03,9940.45,0.0,5
Anomalous Greater Multiple Projectiles Support,135.01,247.97,9038.16,0.0,18
Divergent Energy Leech Support,134.56,149.0,7646.5,0.0,2
Anomalous Poisonous Concoction,10.38,25.0,7493.57,0.0,6
Anomalous Defiance Banner,2157.69,985.37,6700.63,0.0,10
Divergent Cold Snap,19.8,0.0,6117.2,305.86,3
Anomalous Frenzy,14.08,106.06,6090.9,0.0,11
Divergent Cast when Damage Taken Support,1835.16,1530.08,5862.54,0.0,29
Divergent Mark On Hit Support,483.08,734.68,5429.02,0.0,14
Divergent Haste,43.73,152.93,5341.46,517.78,18
Divergent Bonechill Support,63.82,147.08,4893.76,0.0,25
Anomalous Precision,1290.48,1216.95,4739.58,0.0,17
Divergent Determination,1070.51,1050.44,4587.9,0.0,15
Phantasmal Summon Skeletons,30.86,152.93,4587.9,114.29,11
Divergent Hypothermia Support,45.21,44.32,4587.9,0.0,15
Divergent Tempest Shield,1323.46,1376.37,4587.9,0.0,9
Divergent Shockwave Totem,576.93,1070.51,3975.42,0.0,5
Anomalous Ice Spear,1376.37,315.07,3957.06,0.0,27
Divergent Boneshatter,332.66,764.65,3823.25,0.0,15
Divergent Impending Doom Support,59.52,0.0,3823.25,0.0,2
Divergent Animate Guardian,45.79,78.28,3272.7,0.0,44
Anomalous Spark,56.24,68.5,3125.28,46.73,24
Anomalous Hypothermia Support,110.52,31.23,3058.6,0.0,8
Phantasmal Frostbolt,704.78,67.57,3058.6,0.0,12
Anomalous Purity of Ice,32.01,30.0,3058.6,0.0,9
Divergent Summon Skitterbots,781.41,0.0,3058.6,0.0,6
Divergent Frostbite,15.77,82.07,3058.6,0.0,11
Phantasmal Frenzy,32.39,100.0,3058.6,0.0,5
Anomalous Slower Projectiles Support,57.89,110.64,3058.6,0.0,4
Anomalous Lancing Steel,28.48,0.0,3058.6,0.0,4
Phantasmal Vortex,66.27,0.0,3058.6,0.0,5
Divergent Explosive Trap,39.32,35.0,3058.6,0.0,5
Anomalous Desecrate,29.64,0.0,3029.54,0.0,4
Divergent Steelskin,10.0,99.0,2905.67,0.0,8
Anomalous Blood Rage,1376.37,917.58,2785.31,0.0,8
Divergent Reap,9.44,22.17,2752.74,0.0,6
Anomalous Forbidden Rite,50.0,20.3,2595.18,0.0,23
Phantasmal Soulrend,96.8,200.0,2293.95,0.0,4
Anomalous Physical to Lightning Support,31.24,63.27,2293.95,0.0,16
Anomalous Cold to Fire Support,15.47,62.11,2293.95,0.0,35
Divergent Vortex,59.41,103.48,2293.95,0.0,20
Anomalous Cobra Lash,20.5,104.62,2293.95,0.0,5
Phantasmal Holy Flame Totem,8.63,0.0,2293.95,0.0,2
Divergent Slower Projectiles Support,100.0,35.0,2293.95,0.0,1
Anomalous Divine Blessing Support,22.01,111.0,2293.95,0.0,5
Anomalous Summon Skeletons,305.86,139.4,2141.02,438.14,18
Phantasmal Leap Slam,220.72,367.03,2085.0,0.0,8
Divergent Shield Crush,169.6,246.06,2024.35,0.0,14
Anomalous Cast on Death Support,33.18,458.79,2020.39,0.0,17
Anomalous Malevolence,428.2,339.05,2018.68,0.0,9
Anomalous Ice Trap,32.19,48.14,1835.16,0.0,9
Divergent Ice Shot,17.32,27.63,1835.16,0.0,5
Anomalous Flame Dash,25.0,63.14,1835.16,0.0,4
Divergent Rallying Cry,34.85,70.0,1835.16,0.0,2
Anomalous War Banner,154.46,508.8,1835.16,0.0,14
Divergent Detonate Dead,30.0,47.93,1835.16,182.8,13
Anomalous Poacher's Mark,13.71,0.0,1835.16,0.0,8
Anomalous Rejuvenation Totem,11.01,0.0,1835.16,0.0,3
Divergent Exsanguinate,24.65,0.0,1835.16,0.0,21
Anomalous Herald of Purity,46.15,42.66,1746.05,0.0,12
Divergent Hatred,150.61,50.58,1727.65,0.0,18
Divergent Venom Gyre,625.48,764.65,1720.46,0.0,13
Anomalous Multistrike Support,33.94,101.1,1682.23,0.0,5
Anomalous Crackling Lance,104.88,152.93,1682.23,0.0,8
Anomalous Shield Crush,11.64,37.63,1682.23,0.0,4
Divergent Summon Raging Spirit,53.87,40.54,1605.76,0.0,12
Divergent Efficacy Support,15.05,43.24,1588.62,0.0,8
Divergent Clarity,63.91,105.77,1566.31,305.86,9
Divergent Volatile Dead,156.93,50.0,1562.64,0.0,17
Divergent Hydrosphere,20.0,51.0,1559.73,0.0,5
Divergent Lightning Conduit,28.09,66.56,1529.3,0.0,14
Divergent Flame Surge,9.19,152.93,1529.3,0.0,7
Phantasmal Toxic Rain,60.05,115.81,1529.3,0.0,9
Divergent Blood Rage,20.0,152.93,1529.3,0.0,11
Divergent Additional Accuracy Support,152.93,458.79,1529.3,0.0,13
Anomalous Fire Trap,59.87,152.93,1529.3,0.0,4
Anomalous Immortal Call,25.01,50.0,1529.3,0.0,8
Phantasmal Raise Zombie,46.04,152.93,1529.3,0.0,3
Divergent Crackling Lance,12.12,60.0,1529.3,0.0,8
Anomalous Arcane Cloak,13.82,40.0,1529.3,0.0,7
Anomalous Withering Touch Support,19.96,42.6,1529.3,0.0,6
Phantasmal Desecrate,678.09,0.0,1529.3,0.0,4
Anomalous Reap,52.14,33.86,1529.3,0.0,21
Divergent Lifetap Support,32.97,0.0,1529.3,0.0,5
Anomalous Boneshatter,19.5,53.24,1529.3,0.0,13
Divergent Forbidden Rite,8.5,35.99,1529.3,0.0,16
Anomalous Mark On Hit Support,20.4,130.0,1529.3,0.0,6
Divergent Eternal Blessing Support,59.84,152.93,1497.87,0.0,20
Anomalous Wrath,97.9,77.54,1477.08,0.0,50
Divergent Withering Step,18.58,57.59,1391.66,0.0,4
Divergent Withering Touch Support,74.12,121.22,1381.72,0.0,28
Divergent Close Combat Support,38.36,116.42,1376.37,0.0,8
Divergent Flesh Offering,19.78,79.7,1376.37,0.0,28
Divergent Zealotry,86.25,130.0,1376.37,0.0,3
Anomalous Rage Support,20.0,68.45,1376.37,0.0,9
Divergent Ice Trap,17.05,31.52,1376.37,0.0,10
Phantasmal Blade Blast,8.42,0.0,1374.84,0.0,4
Divergent Ice Spear,32.13,30.0,1364.18,0.0,43
Phantasmal Ice Spear,30.0,25.35,1356.18,0.0,19
Anomalous Rain of Arrows,26.32,152.93,1340.13,0.0,4
Divergent Ballista Totem Support,60.56,152.93,1269.32,0.0,8
Phantasmal Spectral Shield Throw,354.37,288.56,1256.78,0.0,19
Anomalous Arctic Armour,28.29,45.26,1234.3,0.0,14
Anomalous Glacial Hammer,21.72,84.34,1234.3,0.0,7
Anomalous Herald of Ice,40.0,150.17,1223.44,0.0,5
Divergent Generosity Support,23.5,62.5,1223.44,0.0,9
Anomalous Increased Critical Strikes Support,38.09,93.49,1223.44,0.0,19
Divergent Pulverise Support,299.88,305.86,1223.44,0.0,5
Anomalous Bone Offering,9.0,0.0,1223.44,0.0,9
Phantasmal Static Strike,16.88,51.16,1223.44,0.0,2
Phantasmal Intensify Support,0.0,152.93,1223.44,0.0,1
Anomalous Lifetap Support,35.0,232.45,1223.44,0.0,14
Divergent Vitality,98.67,133.16,1165.48,0.0,25
Divergent Righteous Fire,152.22,214.88,1114.25,305.86,42
Divergent Molten Shell,6.27,44.36,1087.18,0.0,8
Anomalous Ground Slam,7.19,0.0,1070.51,0.0,5
Divergent Spark,60.0,50.0,1070.51,36.09,44
Anomalous Raise Spectre,46.93,62.69,1070.51,0.0,15
Phantasmal Raise Spectre,15.0,0.0,1070.51,0.0,3
Anomalous Ice Nova,20.0,64.07,1070.51,9.17,17
Anomalous Discharge,12.68,41.62,1070.51,0.0,2
Anomalous High-Impact Mine Support,23.98,35.62,1070.51,0.0,3
Divergent Frostblink,81.08,127.26,1070.51,0.0,10
Anomalous Impale Support,17.13,77.9,1070.51,0.0,13
Anomalous Power Charge On Critical Support,19.4,126.08,1070.51,0.0,8
Divergent Bear Trap,13.3,0.0,1070.51,0.0,1
Divergent Trap Support,18.53,0.0,1070.51,0.0,2
Divergent Galvanic Field,12.0,0.0,1070.51,0.0,5
Divergent Summon Holy Relic,80.0,20.0,1050.32,0.0,65
Phantasmal Ancestral Protector,140.0,230.16,1039.92,0.0,28
Phantasmal Spark,28.65,86.58,1009.34,64.55,39
Anomalous Ice Bite Support,29.03,93.24,1008.1,0.0,14
Anomalous Hatred,96.91,49.67,994.04,0.0,17
Divergent Malevolence,46.84,35.08,988.17,0.0,44
Anomalous Kinetic Bolt,43.82,0.0,984.62,0.0,6
Divergent Pride,18.08,57.88,961.78,0.0,12
Anomalous Animate Guardian,20.0,20.0,917.58,0.0,13
Anomalous Zealotry,20.0,31.65,917.58,0.0,32
Divergent Barrage Support,10.0,42.01,917.58,0.0,5
Divergent Summon Carrion Golem,17.32,54.53,917.58,0.0,4
Anomalous Inspiration Support,191.24,276.23,917.58,0.0,37
Anomalous Caustic Arrow,32.09,38.63,917.58,0.0,22
Anomalous Scourge Arrow,60.14,0.0,917.58,0.0,4
Divergent Dread Banner,14.14,55.45,917.58,0.0,28
Divergent Lightning Trap,193.88,458.79,917.58,0.0,8
Divergent Fire Trap,0.0,0.0,917.58,0.0,4
Divergent Grace,40.0,69.29,916.05,121.54,18
Anomalous Purity of Elements,100.0,116.78,893.86,0.0,33
Divergent Flicker Strike,39.34,70.0,885.14,0.0,43
Anomalous Trinity Support,8.62,46.57,859.62,0.0,7
Anomalous Ethereal Knives,10.0,30.0,848.0,0.0,24
Divergent Tornado Shot,47.35,73.0,837.73,0.0,48
Divergent Storm Brand,18.9,40.0,831.33,0.0,8
Divergent Bone Offering,44.9,79.09,829.26,0.0,16
Phantasmal Unearth,78.87,0.0,825.82,0.0,13
Divergent Chance to Poison Support,72.5,0.0,810.53,0.0,7
Divergent Melee Splash Support,98.86,188.78,805.52,0.0,25
Phantasmal Winter Orb,17.9,20.0,797.99,0.0,22
Divergent Fireball,21.42,0.0,797.99,47.0,15
Anomalous Molten Shell,44.04,73.24,795.39,642.15,21
Divergent Kinetic Blast,30.0,36.48,781.32,0.0,36
Divergent Herald of Purity,25.19,45.99,772.3,0.0,10
Divergent Precision,52.68,50.0,764.65,0.0,30
Phantasmal Ice Nova,9.86,0.0,764.65,152.93,3
Anomalous Purity of Fire,20.24,0.0,764.65,0.0,8
Anomalous Summon Ice Golem,40.0,428.2,764.65,0.0,11
Divergent Minion Damage Support,88.73,263.29,764.65,0.0,14
Anomalous Summon Holy Relic,19.73,26.0,764.65,0.0,5
Anomalous Bonechill Support,25.74,305.86,764.65,0.0,11
Anomalous Faster Attacks Support,87.29,130.0,764.65,0.0,4
Divergent Dash,144.19,0.0,764.65,0.0,4
Divergent Deadly Ailments Support,30.0,0.0,764.65,0.0,6
Divergent Enduring Cry,11.09,50.0,764.65,0.0,7
Anomalous Iron Will Support,61.82,30.0,764.65,0.0,3
Anomalous Summon Raging Spirit,30.43,20.0,764.65,0.0,6
Anomalous Ancestral Call Support,10.64,0.0,764.65,0.0,2
Divergent Discipline,47.68,67.0,764.65,305.86,7
Divergent Increased Critical Damage Support,13.59,35.0,764.65,0.0,7
Anomalous Detonate Dead,27.68,40.54,764.65,92.97,21
Anomalous Flame Surge,50.0,198.81,764.65,0.0,10
Anomalous Pride,23.27,152.93,764.65,0.0,5
Divergent Vengeance,35.0,58.3,764.65,0.0,3
Divergent Sweep,17.07,25.0,764.65,0.0,1
Anomalous Seismic Trap,5.62,0.0,764.65,0.0,4
Anomalous Eye of Winter,26.05,45.15,764.65,0.0,7
Anomalous Chance to Poison Support,55.0,157.93,764.65,0.0,3
Divergent Concentrated Effect Support,28.14,0.0,757.85,0.0,5
Anomalous Tornado Shot,764.65,587.4,735.4,0.0,28
Anomalous Phase Run,27.72,78.17,710.89,0.0,13
Phantasmal Summon Raging Spirit,20.0,0.0,688.18,0.0,9
Divergent Predator Support,41.94,77.37,687.8,0.0,13
Anomalous Assassin's Mark,122.37,146.71,680.39,0.0,17
Divergent Divine Blessing Support,44.58,120.0,678.4,0.0,14
Divergent Barrage,15.0,94.1,658.82,0.0,9
Anomalous Despair,27.47,121.13,658.82,0.0,16
Anomalous Added Lightning Damage Support,13.7,82.18,644.91,0.0,4
Elemental Penetration Support,0.0,103.13,644.91,0.0,17
Divergent Multistrike Support,140.51,266.07,644.02,0.0,27
Anomalous Siege Ballista,15.99,16.35,642.15,0.0,27
Divergent Herald of Agony,36.43,70.0,634.66,0.0,19
Anomalous Minion Speed Support,235.13,494.18,628.39,0.0,8
Anomalous Anger,10.0,0.0,627.01,0.0,6
Anomalous Lightning Conduit,10.42,16.08,612.5,0.0,15
Anomalous Volatile Dead,35.81,29.01,611.72,0.0,20
Divergent Trinity Support,36.31,100.0,611.72,0.0,14
Anomalous Righteous Fire,28.69,106.91,611.72,95.46,12
Anomalous Trap and Mine Damage Support,10.52,106.89,611.72,0.0,11
Divergent Berserk,56.48,105.21,611.72,0.0,10
Divergent Purity of Fire,122.68,214.1,611.72,0.0,3
Anomalous Cyclone,27.88,0.0,611.72,0.0,9
Divergent Toxic Rain,4.15,0.0,611.72,0.0,3
Divergent Mirage Archer Support,25.0,47.19,611.72,0.0,14
Anomalous Herald of Ash,15.0,0.0,611.72,0.0,4
Anomalous Berserk,15.0,97.68,611.72,0.0,11
Divergent Storm Call,25.51,458.79,611.72,100.0,4
Anomalous Explosive Trap,17.86,0.0,611.72,0.0,5
Divergent Double Strike,33.0,0.0,611.72,0.0,4
Phantasmal Barrage,22.6,80.0,611.72,0.0,1
Divergent Anger,87.29,0.0,611.72,0.0,5
Divergent Corrupting Fever,13.96,72.34,611.72,0.0,14
Anomalous Battlemage's Cry,14.74,31.09,611.72,0.0,7
Ruthless Support,10.0,31.25,576.04,0.0,145
Anomalous Spell Echo Support,27.17,116.25,575.48,0.0,21
Anomalous Corrupting Fever,25.56,30.0,566.61,0.0,43
Anomalous Frostblink,18.19,52.67,548.93,0.0,14
Divergent Explosive Arrow,79.08,611.72,535.26,0.0,15
Divergent Spell Echo Support,305.86,0.0,535.26,0.0,4
Anomalous Barrage,10.0,0.0,525.16,0.0,10
Divergent Purifying Flame,30.0,57.13,523.67,0.0,26
Anomalous Icicle Mine,12.14,30.0,519.96,0.0,15
Divergent Frostbolt,18.27,24.29,507.3,0.0,14
Anomalous Discipline,51.64,37.74,489.99,152.93,40
Divergent Herald of Ash,53.79,114.36,489.38,0.0,15
Anomalous Steelskin,23.45,152.93,489.38,0.0,6
Anomalous Convocation,20.0,54.23,484.79,0.0,16
Anomalous Arcane Surge Support,25.23,89.0,478.5,0.0,6
Anomalous Increased Duration Support,66.77,152.93,478.09,0.0,10
Anomalous Ensnaring Arrow,20.42,152.93,467.12,0.0,5
Divergent Defiance Banner,19.23,91.62,458.79,0.0,13
Phantasmal Crackling Lance,30.0,40.0,458.79,0.0,21
Anomalous Summon Carrion Golem,20.63,59.52,458.79,0.0,9
Anomalous Purity of Lightning,11.34,0.0,458.79,0.0,7
Anomalous Fireball,19.02,150.0,458.79,322.53,11
Anomalous Flesh and Stone,44.35,45.5,458.79,0.0,20
Anomalous Cremation,10.53,40.0,458.79,0.0,3
Anomalous Efficacy Support,27.84,64.02,458.79,0.0,13
Phantasmal Cyclone,38.94,70.0,458.79,110.08,5
Anomalous Storm Burst,26.75,32.17,458.79,0.0,16
Divergent Nightblade Support,15.4,32.72,458.79,0.0,9
Phantasmal Intimidating Cry,14.2,0.0,458.79,0.0,1
Divergent Lightning Penetration Support,14.23,152.93,458.79,0.0,7
Anomalous Creeping Frost,28.13,51.97,458.79,0.0,7
Divergent Incinerate,35.92,56.76,458.79,0.0,2
Divergent Increased Duration Support,16.03,100.0,458.79,0.0,4
Divergent Unleash Support,26.34,50.0,458.79,0.0,2
Phantasmal Lightning Strike,10.0,0.0,458.79,229.4,16
Anomalous Whirling Blades,5.0,80.0,458.79,0.0,3
Phantasmal Earthshatter,16.43,152.93,458.79,0.0,5
Divergent Lightning Strike,46.08,458.79,458.79,0.0,15
Anomalous Barrage Support,57.72,0.0,458.79,0.0,6
Anomalous Added Fire Damage Support,15.0,25.0,458.79,0.0,2
Anomalous Arcanist Brand,28.77,0.0,458.79,0.0,1
Anomalous Exsanguinate,14.38,0.0,458.79,0.0,9
Divergent Rage Vortex,10.0,0.0,458.79,0.0,13
Divergent Poisonous Concoction,25.54,37.96,458.79,0.0,25
Anomalous Blade Trap,20.0,60.0,458.79,0.0,4
Phantasmal Sigil of Power,73.39,152.93,455.05,0.0,22
Divergent Chance to Bleed Support,82.97,152.93,406.79,0.0,4
Divergent Desecrate,30.95,0.0,405.26,0.0,13
Divergent Shockwave Support,53.17,103.63,395.87,0.0,9
Cast on Melee Kill Support,4.25,0.0,385.29,0.0,86
Divergent Arc,14.17,119.97,382.32,152.93,4
Anomalous Pulverise Support,10.0,28.91,372.9,0.0,10
Anomalous Elemental Proliferation Support,20.0,95.32,367.03,0.0,9
Anomalous Overcharge Support,28.41,72.69,339.2,0.0,8
Anomalous Summon Stone Golem,97.15,152.93,336.29,0.0,17
Anomalous Intensify Support,61.22,0.0,321.15,0.0,8
Phantasmal Lightning Arrow,132.56,0.0,321.08,0.0,10
Anomalous Haste,22.34,70.5,320.86,382.32,9
Herald of Thunder,5.17,13.69,312.74,0.0,137
Anomalous Summon Skitterbots,12.18,38.11,305.86,0.0,12
Phantasmal Ancestral Warchief,11.43,0.0,305.86,1376.37,5
Anomalous Frostbite,12.92,100.0,305.86,0.0,2
Divergent Blade Trap,25.0,15.0,305.86,0.0,3
Anomalous Void Sphere,30.0,0.0,305.86,0.0,4
Anomalous Alchemist's Mark,33.9,31.0,305.86,0.0,1
Anomalous Arc,25.38,46.52,305.86,152.93,29
Efficacy Support,8.63,11.44,305.86,0.0,119
Nightblade Support,2.99,12.4,305.86,0.0,139
Anomalous Enfeeble,20.94,132.29,305.86,0.0,2
Anomalous Cluster Traps Support,20.0,123.62,305.86,0.0,4
Divergent Assassin's Mark,35.0,57.59,305.86,0.0,21
Divergent Increased Area of Effect Support,23.76,91.28,305.86,0.0,16
Divergent Hexblast,39.38,11.63,305.86,0.0,5
Anomalous Withering Step,35.0,47.51,305.86,0.0,34
Divergent Arcane Cloak,26.6,70.7,305.86,0.0,10
Anomalous Vulnerability,10.0,49.21,305.86,0.0,9
Divergent Spectral Throw,42.17,0.0,305.86,0.0,12
Divergent Multiple Totems Support,17.06,182.49,305.86,0.0,4
Anomalous Cast when Damage Taken Support,68.21,106.69,305.86,0.0,24
Anomalous Leap Slam,21.59,0.0,305.86,0.0,1
Phantasmal Shattering Steel,0.0,0.0,305.86,0.0,1
Anomalous Pinpoint Support,9.01,50.0,305.86,0.0,4
Divergent Fire Penetration Support,17.07,0.0,305.86,0.0,2
Anomalous Spell Totem Support,14.5,0.0,305.86,0.0,1
Divergent Wintertide Brand,11.52,0.0,305.86,0.0,4
Anomalous Purifying Flame,53.14,0.0,305.86,0.0,3
Divergent Devouring Totem,152.93,0.0,305.86,0.0,1
Lightning Conduit,5.0,5.0,305.86,0.0,216
Trap and Mine Damage Support,15.0,18.0,299.07,0.0,98
Determination,5.86,10.0,297.36,0.0,152
Divergent Frost Shield,57.56,114.29,290.57,0.0,8
Anomalous Summon Lightning Golem,62.1,184.59,275.27,0.0,5
Herald of Ash,10.0,12.2,264.57,0.0,150
Minion Speed Support,5.0,16.28,260.29,0.0,107
Anomalous Infused Channelling Support,50.0,87.17,259.98,0.0,8
Divergent Greater Volley Support,76.36,115.72,254.17,0.0,12
Divergent Brutality Support,11.64,148.46,249.0,0.0,4
Cruelty Support,9.13,39.62,234.73,0.0,124
Divergent Advanced Traps Support,53.0,764.65,229.4,0.0,7
Multistrike Support,10.0,30.0,229.4,0.0,143
Blastchain Mine Support,4.0,24.24,229.4,0.0,110
Divergent Swiftbrand Support,32.36,111.01,229.4,0.0,7
Divergent Unearth,5.63,0.0,229.4,0.0,2
Anomalous Venom Gyre,15.49,111.6,229.4,0.0,14
Phantasmal Pyroclast Mine,20.0,50.0,225.0,0.0,3
Ice Spear,5.0,9.16,224.17,0.0,222
Lifetap Support,10.91,25.0,221.19,0.0,148
Anomalous Summon Flame Golem,30.0,43.09,214.1,0.0,8
Trinity Support,5.34,20.0,209.95,0.0,155
Energy Leech Support,6.79,30.0,203.3,0.0,79
Increased Critical Damage Support,10.41,15.41,197.43,0.0,188
Fire Trap,2.78,5.0,194.13,0.0,233
Anomalous Meat Shield Support,10.46,55.45,188.05,0.0,8
Anomalous Flammability,24.43,305.86,186.27,0.0,4
Explosive Trap,2.0,10.0,186.14,0.0,117
Phantasmal Puncture,10.54,152.93,183.52,0.0,3
Inspiration Support,12.22,30.0,182.45,0.0,160
Hatred,5.0,17.95,181.45,0.0,139
Elemental Weakness,5.69,16.53,181.29,0.0,112
Arc,4.68,10.0,178.58,60.56,178
Purity of Ice,5.0,15.26,173.63,0.0,110
Cyclone,8.41,20.0,161.57,6.0,149
Ice Bite Support,8.17,15.63,153.47,0.0,80
Item Rarity Support,5.0,19.0,152.93,0.0,274
Righteous Fire,6.22,4.94,152.93,10.0,436
Spark,4.0,14.66,152.93,10.0,233
Anomalous Brutality Support,11.71,0.0,152.93,0.0,7
Divergent Burning Arrow,11.39,0.0,152.93,0.0,7
Anomalous Controlled Destruction Support,20.0,50.0,152.93,0.0,6
Anomalous Burning Arrow,79.04,0.0,152.93,125.0,5
Anomalous Deadly Ailments Support,15.0,120.0,152.93,0.0,14
Phantasmal Blade Vortex,6.54,50.0,152.93,305.86,9
Divergent Pinpoint Support,10.0,0.0,152.93,0.0,4
Anomalous Plague Bearer,9.33,60.0,152.93,0.0,19
Anomalous Lightning Trap,10.0,40.0,152.93,0.0,6
Damage on Full Life Support,5.0,30.0,152.93,0.0,96
Concentrated Effect Support,9.28,20.0,152.93,0.0,142
Increased Critical Strikes Support,11.76,22.11,152.93,0.0,142
Herald of Ice,9.51,14.92,152.93,0.0,187
Punishment,3.0,28.69,152.93,0.0,97
Greater Multiple Projectiles Support,14.65,20.0,152.93,0.0,194
Wrath,6.42,11.45,152.93,0.0,157
Power Charge On Critical Support,9.0,25.0,152.93,0.0,150
Physical to Lightning Support,4.18,15.1,152.93,0.0,109
Freezing Pulse,3.0,20.68,152.93,0.0,163
Explosive Arrow,4.0,5.0,152.93,0.0,255
Hypothermia Support,10.0,8.92,152.93,0.0,103
Tempest Shield,5.0,28.37,152.93,0.0,147
Vitality,5.03,19.63,152.93,0.0,86
Herald of Purity,4.0,20.0,152.93,0.0,172
Precision,5.05,30.0,152.93,0.0,101
Pulverise Support,6.85,29.33,152.93,0.0,101
Summon Carrion Golem,3.0,10.0,152.93,0.0,206
Second Wind Support,8.27,17.12,152.93,0.0,79
Fist of War Support,2.3,0.0,152.93,0.0,49
Sniper's Mark,5.81,15.06,152.93,0.0,162
Divergent Earthshatter,60.0,100.0,152.93,0.0,1
Divergent Flesh and Stone,15.86,60.0,152.93,0.0,9
Anomalous Dark Pact,152.93,0.0,152.93,0.0,6
Anomalous Mirage Archer Support,64.49,132.0,152.93,0.0,9
Divergent Controlled Destruction Support,22.89,0.0,152.93,0.0,4
Anomalous Blade Flurry,17.07,39.52,152.93,0.0,6
Divergent Winter Orb,11.06,0.0,152.93,0.0,5
Divergent Damage on Full Life Support,10.36,70.48,152.93,0.0,5
Defiance Banner,5.0,17.79,152.93,0.0,218
Eye of Winter,3.0,20.0,152.93,0.0,205
Anger,4.93,25.0,152.65,0.0,87
Creeping Frost,3.25,32.14,152.65,0.0,137
Corrupting Fever,3.0,15.0,152.6,0.0,190
Assassin's Mark,7.0,20.22,152.15,0.0,207
Maim Support,4.82,26.48,152.04,0.0,109
Arrogance Support,10.0,30.0,151.08,0.0,130
Ballista Totem Support,5.0,22.32,149.62,0.0,128
Arcane Surge Support,9.86,30.0,147.9,0.0,123
Frost Blades,2.47,36.61,145.87,0.0,142
Raise Zombie,3.06,5.0,144.18,0.0,160
Reap,1.0,10.0,143.37,0.0,147
Grace,5.0,20.0,143.23,34.54,109
Cast when Damage Taken Support,9.99,20.0,143.17,0.0,153
Mark On Hit Support,5.0,35.0,141.41,0.0,177
Caustic Arrow,3.0,15.5,139.18,0.0,196
Combustion Support,9.19,20.0,138.42,0.0,89
Chance to Flee Support,2.4,0.0,130.0,0.0,62
Raise Spectre,3.71,15.0,128.41,0.0,144
Steelskin,2.93,32.55,127.68,0.0,149
Greater Volley Support,10.0,20.0,124.78,0.0,101
Summon Skitterbots,4.0,30.0,123.54,0.0,182
Absolution,2.34,5.0,123.35,0.0,304
Malevolence,3.26,15.88,122.5,0.0,177
Cold to Fire Support,3.74,56.47,121.17,0.0,90
Close Combat Support,5.0,30.83,120.85,0.0,57
Despair,5.0,26.21,120.74,0.0,176
Anomalous Energy Blade,28.24,0.0,120.0,0.0,3
Phantasmal Void Sphere,9.08,50.0,120.0,0.0,6
Anomalous Added Chaos Damage Support,35.92,20.0,120.0,0.0,2
Anomalous Destructive Link,17.66,25.0,120.0,0.0,2
Anomalous Lightning Strike,93.11,34.61,119.65,383.19,127
Increased Duration Support,13.44,28.52,119.48,0.0,177
Bane,3.0,11.48,117.07,0.0,325
Blood Rage,5.0,25.0,116.83,0.0,164
Endurance Charge on Melee Stun Support,4.67,45.45,115.86,0.0,108
Predator Support,3.44,25.97,111.41,0.0,76
Shockwave Support,4.27,21.68,110.63,0.0,62
Spectral Helix,5.0,8.99,110.0,0.0,184
Less Duration Support,2.87,32.68,109.64,0.0,135
Wintertide Brand,3.0,41.7,108.25,0.0,270
Pinpoint Support,3.0,30.57,107.57,0.0,111
Berserk,5.0,28.27,102.43,0.0,208
Haste,3.39,15.85,102.21,60.57,142
Divergent General's Cry,12.0,30.0,100.0,0.0,6
Tornado Shot,5.0,25.0,100.0,0.0,207
Divergent Kinetic Bolt,4.56,0.0,100.0,0.0,6
Anomalous Dash,20.0,75.0,100.0,0.0,8
Minion Life Support,8.14,35.0,100.0,0.0,105
Flammability,4.0,12.67,100.0,0.0,134
Purity of Fire,4.01,26.64,100.0,0.0,143
Flame Wall,4.0,30.0,100.0,0.0,132
Manabond,2.5,14.44,100.0,0.0,179
Focused Ballista Support,7.12,40.0,100.0,0.0,165
Toxic Rain,3.0,20.0,99.84,0.0,200
Zealotry,2.57,25.0,99.64,0.0,267
Pierce Support,5.0,16.84,99.44,0.0,101
Anomalous Blasphemy Support,26.99,60.29,99.0,0.0,4
Flicker Strike,5.0,17.81,95.08,0.0,184
Lesser Multiple Projectiles Support,3.9,10.87,94.68,0.0,102
Volatile Dead,2.0,16.17,93.44,0.0,247
Wave of Conviction,4.0,24.37,93.19,0.0,225
Firestorm,3.0,34.3,92.82,0.0,199
Slower Projectiles Support,4.86,22.0,92.52,0.0,146
Faster Attacks Support,6.54,25.0,90.6,0.0,167
Meat Shield Support,5.0,20.0,90.5,0.0,82
Discipline,5.0,15.22,90.09,87.04,179
Phantasmal Lightning Tendrils,26.27,99.99,90.0,0.0,8
Overcharge Support,5.3,30.0,89.47,0.0,139
Spell Totem Support,5.0,30.0,86.03,0.0,95
Flame Dash,6.69,30.0,85.48,0.0,127
Temporal Chains,5.0,18.08,85.4,0.0,135
Divine Blessing Support,9.02,31.07,84.33,0.0,261
Rage Support,5.34,2.0,83.26,0.0,73
Lacerate,2.0,25.0,82.97,0.0,141
Volley Support,5.66,10.0,82.11,0.0,82
Anomalous Blade Vortex,99.95,0.0,80.0,764.65,21
Summon Stone Golem,3.99,20.0,80.0,0.0,187
Divergent Poacher's Mark,9.84,0.0,80.0,0.0,5
Impale Support,4.83,26.07,79.86,0.0,201
Boneshatter,2.9,25.0,78.7,0.0,222
Barrage Support,5.0,30.0,78.63,0.0,136
Summon Phantasm Support,3.12,20.0,78.49,0.0,84
Blazing Salvo,3.0,13.08,77.98,0.0,125
Tornado,3.0,10.0,77.21,0.0,208
Kinetic Blast,3.0,14.51,77.17,0.0,199
Plague Bearer,3.0,7.73,77.14,0.0,293
Smite,2.0,15.1,76.94,0.0,164
Petrified Blood,5.0,34.45,76.12,0.0,278
Forbidden Rite,5.0,9.38,75.89,0.0,219
Ethereal Knives,3.96,30.0,75.13,0.0,184
Charged Traps Support,5.0,0.0,74.74,0.0,174
Swift Assembly Support,3.84,42.22,73.5,0.0,133
Faster Casting Support,10.0,33.43,73.29,0.0,145
Added Cold Damage Support,5.0,14.11,72.14,0.0,139
Elemental Proliferation Support,5.0,25.77,71.65,0.0,138
Glacial Hammer,5.44,20.0,70.03,27.39,152
Multiple Totems Support,10.15,71.12,70.0,0.0,74
Divergent Smoke Mine,39.59,0.0,70.0,0.0,3
Intensify Support,5.0,12.19,69.7,0.0,73
Culling Strike Support,7.81,29.12,69.69,0.0,123
Mirage Archer Support,5.0,27.95,69.55,0.0,110
Pride,4.0,15.0,68.76,0.0,142
Withering Step,5.0,30.0,68.26,0.0,215
Feeding Frenzy Support,7.88,29.99,68.15,0.0,121
Chain Support,2.21,20.0,68.02,0.0,192
Bonechill Support,9.0,30.72,67.32,0.0,137
Summon Raging Spirit,3.0,4.92,65.8,0.0,211
Mana Leech Support,2.3,150.0,64.79,0.0,71
Dual Strike,1.26,10.0,64.75,0.0,143
Fortify Support,4.99,34.99,64.42,0.0,162
Additional Accuracy Support,3.0,13.33,64.06,0.0,109
Spell Echo Support,10.0,29.46,63.36,0.0,122
Viper Strike,3.14,10.5,61.98,0.0,208
Chance to Poison Support,5.0,75.0,61.69,0.0,114
Enduring Cry,5.0,28.3,61.48,0.0,184
Elemental Hit,4.0,7.76,60.61,0.0,207
Venom Gyre,2.65,36.64,60.0,0.0,270
Ice Trap,5.0,25.94,59.95,0.0,207
Dread Banner,5.0,11.43,59.31,0.0,173
Anomalous Spectral Shield Throw,469.0,90.0,58.95,0.0,8
Orb of Storms,2.0,16.15,58.06,0.0,181
Seismic Trap,3.49,10.58,57.02,0.0,236
Withering Touch Support,4.0,27.6,56.64,0.0,84
Lightning Penetration Support,5.0,17.79,56.56,0.0,213
Spellslinger,3.0,21.09,56.48,0.0,194
Phase Run,5.0,26.83,56.34,0.0,200
Lancing Steel,2.0,20.0,56.12,0.0,197
Eternal Blessing Support,4.56,24.25,56.0,0.0,130
Molten Shell,8.5,13.92,55.62,129.3,252
Ice Crash,4.66,26.43,54.57,0.0,167
Convocation,5.0,29.08,53.56,0.0,214
Faster Projectiles Support,3.2,0.0,50.97,0.0,122
Purity of Elements,4.62,22.81,50.93,0.0,183
Trap Support,4.05,20.0,50.46,0.0,97
Cluster Traps Support,6.41,21.1,50.1,0.0,131
Barrage,3.0,50.0,50.0,0.0,195
Charged Dash,1.0,0.0,50.0,0.0,172
Chance to Bleed Support,5.0,38.94,50.0,0.0,100
Immolate Support,5.0,10.81,50.0,0.0,226
Shockwave Totem,3.69,12.3,50.0,0.0,195
Frostbolt,1.88,21.09,50.0,0.0,205
Immortal Call,5.0,21.04,50.0,0.0,152
Elemental Army Support,3.0,19.5,50.0,0.0,189
Seismic Cry,2.21,0.0,50.0,0.0,195
Swiftbrand Support,4.15,21.0,50.0,0.0,146
Dash,3.0,20.18,49.65,0.0,164
Added Lightning Damage Support,5.0,13.37,49.62,0.0,216
Voltaxic Burst,3.0,50.0,49.6,0.0,179
Ancestral Call Support,4.0,4.04,49.0,0.0,139
Storm Brand,2.58,14.7,48.92,0.0,187
Hexblast,3.0,23.27,48.84,0.0,311
Purifying Flame,3.24,22.92,48.36,0.0,178
Herald of Agony,3.32,10.33,48.17,0.0,274
Elemental Damage with Attacks Support,9.0,18.1,47.97,0.0,400
Energy Blade,3.0,17.63,47.49,0.0,248
Increased Area of Effect Support,7.3,14.76,47.27,0.0,215
Blasphemy Support,2.86,13.1,46.59,0.0,127
Storm Burst,2.0,21.0,46.53,0.0,168
Frost Shield,3.0,38.0,46.35,0.0,193
Purity of Lightning,3.0,20.3,46.31,0.0,243
Unbound Ailments Support,7.7,19.86,46.14,0.0,178
Ancestral Protector,2.0,18.9,45.92,0.0,201
Puncture,4.74,19.31,45.38,0.0,166
Exsanguinate,3.39,8.82,45.0,0.0,225
Unleash Support,4.21,17.62,45.0,0.0,245
Crackling Lance,3.0,0.0,44.15,0.0,201
Infused Channelling Support,5.0,32.27,44.0,0.0,93
Blade Trap,4.78,18.22,43.58,0.0,186
Split Arrow,5.0,44.6,43.5,0.0,147
Advanced Traps Support,2.33,13.45,43.0,0.0,218
Blast Rain,3.0,21.09,42.18,0.0,160
Melee Splash Support,4.0,22.19,41.59,0.0,149
Whirling Blades,2.68,25.78,41.34,0.0,183
High-Impact Mine Support,3.0,14.36,41.32,0.0,184
Innervate Support,5.0,0.0,41.13,0.0,155
Life Gain on Hit Support,5.0,45.42,40.89,0.0,163
Spectral Throw,4.0,5.0,40.72,10.54,216
Mirror Arrow,1.0,8.2,40.6,0.0,85
Added Chaos Damage Support,3.36,25.6,40.5,0.0,102
Bone Offering,2.81,30.0,40.45,0.0,241
Anomalous Cold Penetration Support,32.0,0.0,40.0,0.0,3
Clarity,4.01,40.0,40.0,28.17,198
Fork Support,4.73,27.97,40.0,0.0,163
Cold Penetration Support,3.11,21.54,40.0,0.0,193
Swift Affliction Support,9.13,14.12,40.0,0.0,238
Storm Rain,2.42,0.0,40.0,0.0,201
Brutality Support,10.0,19.26,39.77,0.0,148
Hextouch Support,3.55,10.0,39.69,0.0,188
Sigil of Power,3.42,33.02,39.65,0.0,186
Knockback Support,3.0,0.0,39.59,0.0,80
Fireball,4.01,19.22,39.1,19.0,222
Soulrend,2.0,8.86,38.86,0.0,207
Molten Strike,4.0,33.6,38.64,0.0,174
Leap Slam,4.78,12.01,38.6,0.0,171
Winter Orb,3.0,26.21,38.38,0.0,232
Hydrosphere,4.06,15.0,37.78,0.0,189
Phantasmal Infernal Blow,8.98,50.0,37.0,0.0,1
Added Fire Damage Support,3.67,20.0,36.72,0.0,118
Arctic Armour,2.45,35.28,36.72,0.0,195
Charged Mines Support,4.39,16.08,36.65,0.0,107
Ignite Proliferation Support,4.0,16.27,36.48,0.0,140
Shield Crush,2.56,12.31,36.27,0.0,295
Bladefall,2.75,10.0,36.08,0.0,186
Cold Snap,2.54,20.2,35.97,112.86,195
Flame Surge,4.0,100.0,35.88,0.0,204
Discharge,2.69,0.0,35.76,0.0,204
Minion Damage Support,3.0,9.45,35.7,0.0,280
Summon Ice Golem,2.44,20.0,35.57,0.0,173
Frostbite,3.42,27.1,35.48,0.0,156
Protective Link,3.62,0.0,35.22,0.0,139
Critical Strike Affliction Support,3.22,40.0,35.11,0.0,113
Anomalous Tornado,19.1,152.93,35.0,0.0,7
Power Siphon,3.0,15.0,35.0,23.54,283
Void Manipulation Support,5.0,13.87,34.82,0.0,262
Arcane Cloak,5.0,21.0,34.74,0.0,236
Minefield Support,2.51,16.0,34.59,0.0,136
Vicious Projectiles Support,5.0,11.71,34.39,0.0,208
Onslaught Support,3.0,17.68,34.16,0.0,119
Blade Flurry,4.0,6.64,34.07,0.0,277
Cast On Critical Strike Support,6.71,24.3,33.94,0.0,159
Divine Ire,2.9,20.0,33.86,0.0,180
Behead Support,3.88,12.6,33.6,0.0,69
Spectral Shield Throw,2.0,0.0,33.01,0.0,340
Infernal Legion Support,3.0,20.0,32.94,0.0,105
Cleave,2.57,0.0,32.16,0.0,169
Cast when Stunned Support,5.0,0.0,32.07,0.0,73
Rain of Arrows,2.0,30.0,31.57,22.81,179
Perforate,2.0,0.0,31.55,0.0,173
Summon Skeletons,3.0,18.22,30.0,34.77,224
Frost Wall,2.0,0.0,30.0,0.0,181
Shield Charge,3.0,30.0,30.0,0.0,212
Void Sphere,2.0,20.0,30.0,0.0,207
Wither,3.16,14.0,30.0,0.0,271
Cobra Lash,2.0,5.0,30.0,0.0,196
Stormblast Mine,3.36,0.0,30.0,0.0,200
Flesh and Stone,3.0,10.61,29.93,0.0,206
Poisonous Concoction,3.15,6.45,29.9,0.0,364
Poacher's Mark,3.0,11.83,29.7,0.0,237
Cast while Channelling Support,4.0,764.65,29.62,0.0,161
Vengeance,2.2,305.8,29.3,0.0,147
Ball Lightning,3.0,23.04,29.2,0.0,181
Summon Lightning Golem,2.44,9.3,29.02,0.0,204
Kinetic Bolt,5.0,0.0,28.41,0.0,221
Archmage Support,3.0,9.0,28.24,0.0,134
Glacial Cascade,3.89,10.0,28.24,0.0,166
Arcanist Brand,4.0,18.13,28.23,0.0,171
Ice Shot,3.28,12.07,27.77,0.0,244
War Banner,3.02,18.61,27.5,0.0,193
Vortex,3.0,21.21,27.48,0.0,198
Elemental Focus Support,5.0,15.0,27.23,0.0,380
General's Cry,3.0,9.9,27.07,0.0,121
Incinerate,4.0,20.0,26.41,0.0,175
Desecrate,3.17,11.25,26.27,0.0,184
Animate Weapon,4.0,20.0,26.26,0.0,271
Animate Guardian,2.95,20.0,26.24,0.0,174
Deadly Ailments Support,4.0,21.62,26.0,0.0,166
Siege Ballista,2.0,0.0,25.58,0.0,255
Lightning Spire Trap,2.28,11.09,25.3,0.0,157
Bloodthirst Support,2.0,21.09,25.1,0.0,93
Temporal Rift,3.21,13.03,25.0,0.0,212
Spell Cascade Support,5.0,30.0,25.0,0.0,181
Summon Holy Relic,3.0,50.0,24.92,0.0,311
Fire Penetration Support,4.0,25.0,24.91,0.0,131
Enfeeble,3.0,0.0,24.77,0.0,238
Lightning Arrow,3.0,18.32,24.57,0.0,269
Burning Damage Support,6.13,6.73,24.48,0.0,289
Blind Support,2.68,10.0,24.29,0.0,68
Battlemage's Cry,4.89,14.11,23.51,0.0,160
Frostblink,4.0,53.88,23.48,0.0,167
Essence Drain,3.24,6.04,23.36,0.0,224
Ancestral Cry,3.0,0.0,23.19,0.0,180
Conductivity,4.41,7.45,22.95,0.0,209
Heavy Strike,2.0,12.83,22.94,0.0,136
Arrow Nova Support,1.0,10.0,22.9,0.0,94
Consecrated Path,3.97,30.0,22.7,0.0,176
Explosive Concoction,3.0,15.0,22.03,0.0,271
Rejuvenation Totem,4.0,14.0,21.58,0.0,148
Melee Physical Damage Support,4.62,10.0,21.44,0.0,140
Cremation,3.42,10.0,21.34,0.0,234
Pestilent Strike,2.74,15.0,21.14,0.0,186
Decoy Totem,2.98,18.2,21.11,0.0,175
Destructive Link,2.0,0.0,21.1,0.0,209
Scorching Ray,3.0,0.0,21.08,0.0,225
Galvanic Field,3.0,9.01,21.06,0.0,199
Blade Blast,3.76,5.22,20.86,0.0,324
Frenzy,3.0,18.43,20.84,0.0,231
Ensnaring Arrow,2.87,18.4,20.72,0.0,175
Summon Flame Golem,5.0,94.46,20.71,0.0,238
Impending Doom Support,2.96,50.0,20.64,0.0,132
Intimidating Cry,2.44,10.0,20.59,0.0,199
Life Leech Support,4.27,0.0,20.53,0.0,92
Spirit Offering,1.73,15.0,20.16,0.0,225
Ancestral Warchief,2.33,109.62,20.0,176.89,163
Bladestorm,2.48,99.1,20.0,0.0,194
Shock Nova,3.0,20.28,20.0,0.0,194
Detonate Dead,3.0,16.69,20.0,40.0,213
Lightning Warp,3.0,22.87,20.0,0.0,249
Earthbreaker Support,3.83,20.0,20.0,0.0,97
Generosity Support,3.83,17.47,20.0,0.0,237
Vampiric Link,5.0,0.0,19.32,0.0,176
Lightning Trap,4.0,0.0,19.31,19.93,263
Reave,3.0,9.0,19.3,83.25,171
Flesh Offering,3.0,18.8,19.1,0.0,171
Frost Bomb,3.0,21.62,19.09,0.0,196
Searing Bond,1.35,0.0,19.01,0.0,155
Blade Vortex,4.42,4.25,19.0,50.0,548
Penance Brand,2.0,12.0,18.98,0.0,259
Summon Chaos Golem,3.0,9.32,18.65,0.0,244
Earthshatter,2.41,0.0,18.49,0.0,210
Holy Flame Totem,4.0,0.0,18.36,0.0,228
Splitting Steel,3.39,6.44,18.14,0.0,199
Storm Call,2.0,14.0,17.76,9.44,201
Double Strike,3.0,6.0,17.68,15.11,184
Vile Toxins Support,3.03,43.0,17.65,0.0,108
Bear Trap,2.0,19.14,17.16,0.0,136
Wild Strike,4.3,0.0,16.6,0.0,194
Rallying Cry,2.0,21.09,16.52,0.0,131
Decay Support,5.0,30.0,15.94,0.0,101
Ground Slam,5.0,0.0,15.89,31.95,191
Rage Vortex,3.0,8.8,15.88,0.0,290
Bloodlust Support,2.64,0.0,15.65,0.0,114
Cast on Death Support,3.82,80.0,15.4,0.0,130
Iron Will Support,2.64,8.0,15.0,0.0,116
Unearth,2.0,0.0,15.0,0.0,175
Ambush,2.0,7.0,14.96,0.0,201
Earthquake,4.4,10.0,14.82,38.05,183
Tectonic Slam,3.86,13.0,14.66,0.0,165
Multiple Traps Support,2.25,0.0,14.45,0.0,129
Controlled Destruction Support,5.0,16.26,14.04,0.0,230
Urgent Orders Support,3.0,20.0,14.0,0.0,119
Sunder,2.0,50.0,13.72,0.0,217
Scourge Arrow,3.48,11.0,13.49,0.0,280
Stun Support,3.64,0.0,13.49,0.0,78
Lightning Tendrils,3.0,0.0,13.43,0.0,180
Rolling Magma,5.0,9.32,13.33,0.0,178
Summon Reaper,3.0,17.0,12.33,0.0,258
Blink Arrow,2.0,6.64,12.19,0.0,123
Galvanic Arrow,3.0,10.09,12.0,0.0,192
Ice Nova,2.0,20.5,11.75,59.75,139
Iron Grip Support,2.45,45.0,11.55,0.0,107
Conversion Trap,2.0,20.0,11.55,0.0,167
Infernal Cry,3.0,21.54,11.42,0.0,202
Blight,3.17,9.0,10.32,32.11,219
Lightning Strike,5.0,3.35,10.0,35.23,702
Dominating Blow,2.0,0.0,10.0,0.0,200
Devouring Totem,3.78,7.0,10.0,0.0,58
Flameblast,3.0,0.0,10.0,47.96,225
Burning Arrow,2.42,10.0,10.0,22.97,216
Vulnerability,2.0,10.0,10.0,0.0,270
Static Strike,2.0,0.0,10.0,0.0,162
Shattering Steel,2.19,5.0,10.0,0.0,194
Warlord's Mark,3.0,10.0,10.0,0.0,219
Alchemist's Mark,3.0,12.17,9.89,0.0,222
Armageddon Brand,5.0,18.0,9.83,0.0,190
Flamethrower Trap,3.0,10.0,9.8,0.0,193
Vigilant Strike,3.14,0.0,9.19,0.0,163
Intuitive Link,2.63,5.0,9.09,0.0,179
Smoke Mine,3.0,100.0,8.72,0.0,178
Icicle Mine,3.0,7.0,8.64,0.0,229
Shrapnel Ballista,3.14,50.0,8.43,0.0,196
Siphoning Trap,3.0,0.0,8.21,0.0,168
Pyroclast Mine,3.0,9.1,7.78,0.0,217
Contagion,2.21,20.0,7.78,0.0,205
Riposte,3.4,11.09,7.53,0.0,170
Bodyswap,5.0,0.0,7.44,0.0,169
Infernal Blow,3.0,11.0,7.14,0.0,169
Chain Hook,2.85,0.0,6.97,0.0,178
Reckoning,2.0,14.54,6.65,0.0,165
Point Blank Support,2.66,10.0,6.56,0.0,103
Dark Pact,2.0,0.0,6.52,0.0,184
Flame Link,3.0,14.0,6.52,0.0,155
Sweep,2.0,10.0,6.21,0.0,185
Artillery Ballista,2.0,30.0,5.57,0.0,225
Soul Link,2.0,30.5,5.42,0.0,133
Stormbind,3.91,25.0,4.6,0.0,176
Phantasmal Cremation,1269.32,1014.49,1.0,0.0,4
Anomalous Chance to Bleed Support,28.01,45879.0,0.0,0.0,0
Divergent Purity of Ice,56.22,72.34,0.0,0.0,0
Anomalous Nightblade Support,1070.51,1579.31,0.0,0.0,0
Anomalous Essence Drain,7.41,130.0,0.0,0.0,0
Anomalous Mana Leech Support,152.93,0.0,0.0,0.0,0
Divergent Blind Support,15.27,152.93,0.0,0.0,0
Divergent Wrath,0.0,0.0,0.0,0.0,0
Anomalous Explosive Arrow,71.88,33.0,0.0,0.0,0
Phantasmal Haste,0.0,0.0,0.0,0.0,0
Anomalous Lacerate,10.02,0.0,0.0,0.0,0
Divergent Whirling Blades,33.66,3211.53,0.0,0.0,0
Divergent Blasphemy Support,33.98,152.93,0.0,0.0,0
Anomalous Enhance Support,0.0,0.0,0.0,0.0,0
Anomalous Enlighten Support,312.01,0.0,0.0,0.0,0
Phantasmal Arc,30.0,0.0,0.0,2141.02,0
Anomalous Blazing Salvo,11.58,66.55,0.0,0.0,0
Anomalous Grace,90.0,0.0,0.0,855.94,0
Anomalous Absolution,25.78,0.0,0.0,0.0,0
Anomalous Siphoning Trap,28.04,0.0,0.0,0.0,0
Anomalous Decoy Totem,0.0,0.0,0.0,0.0,0
Anomalous Temporal Chains,25.24,90.0,0.0,0.0,0
Enlighten Support,0.0,0.0,0.0,0.0,0
Anomalous Vitality,876.24,611.72,0.0,0.0,0
Anomalous Shrapnel Ballista,49.0,155.88,0.0,0.0,0
Phantasmal Smite,1223.44,202.48,0.0,0.0,0
Anomalous Empower Support,1559.01,0.0,0.0,0.0,0
Phantasmal Storm Call,6.99,0.0,0.0,1529.3,0
Anomalous Feeding Frenzy Support,522.15,0.0,0.0,0.0,0
Anomalous Petrified Blood,33.21,130.0,0.0,0.0,0
Anomalous Increased Critical Damage Support,57.31,90.0,0.0,0.0,0
Anomalous Arrogance Support,151.59,313.27,0.0,0.0,0
Anomalous Spectral Throw,8.02,0.0,0.0,305.86,0
Anomalous Frost Wall,10.0,0.0,0.0,0.0,0
Anomalous Blight,16.03,1450.4,0.0,0.0,0
Divergent Creeping Frost,535.26,917.58,0.0,0.0,0
Divergent Warlord's Mark,10.0,0.0,0.0,0.0,0
Anomalous Conductivity,6.63,50.0,0.0,0.0,0
Phantasmal Flame Wall,168.22,152.93,0.0,0.0,0
Divergent Shock Nova,9.85,42.0,0.0,0.0,0
Divergent Iron Grip Support,36.01,0.0,0.0,0.0,0
Divergent Conductivity,10.0,688.18,0.0,0.0,0
Anomalous Wither,15.5,20.0,0.0,0.0,0
Empower Support,0.0,0.0,0.0,0.0,0
Anomalous Vampiric Link,26.5,0.0,0.0,0.0,0
Anomalous Sigil of Power,40.2,0.0,0.0,0.0,0
Anomalous Knockback Support,42.29,0.0,0.0,0.0,0
Anomalous Orb of Storms,40.41,305.86,0.0,0.0,0
Anomalous Combustion Support,12.79,51.99,0.0,0.0,0
Divergent Lancing Steel,18.26,0.0,0.0,0.0,0
Phantasmal Flameblast,27.39,0.0,0.0,764.65,0
Anomalous Bodyswap,30.4,764.65,0.0,0.0,0
Phantasmal Infernal Cry,0.0,36.0,0.0,0.0,0
Anomalous Vortex,46.92,186.27,0.0,0.0,0
Divergent Summon Stone Golem,12.6,0.0,0.0,0.0,0
Divergent Combustion Support,27.8,0.0,0.0,0.0,0
Divergent Seismic Trap,17.44,305.86,0.0,0.0,0
Anomalous Manabond,11.1,764.65,0.0,0.0,0
Divergent Spectral Shield Throw,5.0,53.23,0.0,0.0,0
Divergent Sniper's Mark,15.99,160.58,0.0,0.0,0
Divergent Shrapnel Ballista,27.15,0.0,0.0,0.0,0
Divergent Rage Support,353.3,458.79,0.0,0.0,0
Anomalous Shield Charge,10.0,33.82,0.0,0.0,0
Anomalous Cast while Channelling Support,637.82,0.0,0.0,0.0,0
Divergent Increased Critical Strikes Support,30.97,611.72,0.0,0.0,0
Anomalous Faster Projectiles Support,21.99,95.1,0.0,0.0,0
Anomalous Charged Mines Support,7.62,229.4,0.0,0.0,0
Divergent Innervate Support,237.04,611.72,0.0,0.0,0
Anomalous Energy Leech Support,27.92,244.69,0.0,0.0,0
Divergent Freezing Pulse,25.0,0.0,0.0,0.0,0
Divergent Storm Rain,16.57,70.0,0.0,0.0,0
Divergent Vampiric Link,15.0,0.0,0.0,0.0,0
Divergent Added Fire Damage Support,17.22,27.5,0.0,0.0,0
Divergent Added Cold Damage Support,27.5,0.0,0.0,0.0,0
Anomalous Warlord's Mark,30.0,73.0,0.0,0.0,0
Divergent Trap and Mine Damage Support,335.06,305.86,0.0,0.0,0
Anomalous Enduring Cry,17.26,0.0,0.0,0.0,0
Divergent Frost Blades,16.84,74.58,0.0,0.0,0
Divergent Pierce Support,40.0,474.08,0.0,0.0,0
Phantasmal Wave of Conviction,60.29,0.0,0.0,0.0,0
Enhance Support,0.0,0.0,0.0,0.0,0
Divergent Shield Charge,9.06,458.79,0.0,0.0,0
Divergent Cyclone,305.86,458.79,0.0,143.92,0
Divergent Blade Vortex,40.5,100.0,0.0,458.79,0
Divergent Vile Toxins Support,29.71,30.0,0.0,0.0,0
Anomalous Bane,20.39,100.0,0.0,0.0,0
Divergent War Banner,10.0,50.0,0.0,0.0,0
Anomalous Vicious Projectiles Support,59.52,458.79,0.0,0.0,0
Anomalous Scorching Ray,0.0,100.0,0.0,0.0,0
Anomalous Infernal Legion Support,10.0,458.79,0.0,0.0,0
Divergent Ethereal Knives,20.2,0.0,0.0,0.0,0
Divergent Plague Bearer,150.95,338.16,0.0,0.0,0
Divergent Elemental Damage with Attacks Support,305.86,50.0,0.0,0.0,0
Divergent Burning Damage Support,28.86,58.09,0.0,0.0,0
Divergent Spirit Offering,19.95,66.34,0.0,0.0,0
Anomalous Ancestral Protector,16.16,40.0,0.0,0.0,0
Anomalous Herald of Agony,30.0,44.1,0.0,0.0,0
Anomalous Elemental Weakness,20.0,128.67,0.0,0.0,0
Divergent Feeding Frenzy Support,15.75,0.0,0.0,0.0,0
Divergent Cast on Death Support,17.11,33.0,0.0,0.0,0
Anomalous Concentrated Effect Support,106.17,80.0,0.0,0.0,0
Divergent Minion Speed Support,26.61,122.44,0.0,0.0,0
Divergent Heavy Strike,34.14,0.0,0.0,0.0,0
Anomalous Innervate Support,22.39,0.0,0.0,0.0,0
Anomalous Frost Blades,112.92,0.0,0.0,0.0,0
Divergent Leap Slam,14.34,0.0,0.0,0.0,0
Anomalous Artillery Ballista,9.24,30.32,0.0,0.0,0
Anomalous Eternal Blessing Support,15.11,152.93,0.0,0.0,0
Anomalous Cast when Stunned Support,21.0,0.0,0.0,0.0,0
Divergent Absolution,8.7,100.0,0.0,0.0,0
Phantasmal Cleave,40.0,0.0,0.0,0.0,0
Anomalous Fortify Support,30.25,457.26,0.0,0.0,0
Anomalous Cruelty Support,31.44,183.67,0.0,0.0,0
Divergent Convocation,412.91,0.0,0.0,0.0,0
Anomalous Chance to Flee Support,382.32,112.0,0.0,0.0,0
Divergent Purity of Elements,305.86,367.03,0.0,0.0,0
Anomalous Swift Assembly Support,24.51,152.93,0.0,0.0,0
Divergent Chain Hook,111.59,0.0,0.0,0.0,0
Divergent Chain Support,12.14,0.0,0.0,0.0,0
Anomalous Melee Physical Damage Support,20.0,305.86,0.0,0.0,0
Divergent Ancestral Call Support,27.72,105.29,0.0,0.0,0
Divergent Despair,13.31,305.86,0.0,0.0,0
Phantasmal Lightning Warp,39.12,110.58,0.0,0.0,0
Divergent Ignite Proliferation Support,5.2,305.86,0.0,0.0,0
Anomalous Pyroclast Mine,10.0,10.0,0.0,0.0,0
Anomalous Reave,17.0,0.0,0.0,0.0,0
Divergent Herald of Thunder,44.88,0.0,0.0,0.0,0
Divergent Cast when Stunned Support,53.0,305.86,0.0,0.0,0
Divergent Bloodlust Support,15.0,0.0,0.0,0.0,0
Anomalous Fist of War Support,52.0,305.86,0.0,0.0,0
Divergent Frenzy,10.0,0.0,0.0,0.0,0
Phantasmal Purifying Flame,27.58,305.86,0.0,0.0,0
Divergent Elemental Weakness,40.0,0.0,0.0,0.0,0
Phantasmal Storm Brand,37.75,99.0,0.0,0.0,0
Anomalous Lightning Spire Trap,6.5,152.93,0.0,0.0,0
Divergent Discharge,87.29,10.0,0.0,0.0,0
Phantasmal Ice Crash,130.0,0.0,0.0,0.0,0
Divergent Blink Arrow,9.99,34.14,0.0,0.0,0
Divergent Power Siphon,8.53,0.0,0.0,305.86,0
Anomalous Cast On Critical Strike Support,25.85,0.0,0.0,0.0,0
Divergent High-Impact Mine Support,13.77,100.0,0.0,0.0,0
Phantasmal Consecrated Path,15.0,0.0,0.0,0.0,0
Divergent Conversion Trap,11.59,90.0,0.0,0.0,0
Divergent Decoy Totem,27.53,0.0,0.0,0.0,0
Phantasmal Seismic Trap,13.08,0.0,0.0,0.0,0
Divergent Infernal Blow,8.01,0.0,0.0,0.0,0
Anomalous Devouring Totem,120.0,152.93,0.0,0.0,0
Divergent Stormblast Mine,19.22,0.0,0.0,0.0,0
Divergent Scorching Ray,17.15,100.0,0.0,0.0,0
Anomalous Sniper's Mark,24.06,59.97,0.0,0.0,0
Anomalous Flicker Strike,17.02,0.0,0.0,0.0,0
Phantasmal Fireball,305.86,0.0,0.0,0.0,0
Anomalous Toxic Rain,20.0,106.51,0.0,0.0,0
Divergent Bodyswap,21.12,60.0,0.0,0.0,0
Anomalous Increased Area of Effect Support,30.0,64.08,0.0,0.0,0
Divergent Rain of Arrows,25.19,0.0,0.0,229.4,0
Divergent Manabond,15.0,50.0,0.0,0.0,0
Divergent Earthbreaker Support,0.0,0.0,0.0,0.0,0
Phantasmal Hexblast,54.17,0.0,0.0,0.0,0
Anomalous Intuitive Link,41.5,152.93,0.0,0.0,0
Anomalous General's Cry,10.97,0.0,0.0,0.0,0
Divergent Ice Crash,17.76,0.0,0.0,0.0,0
Anomalous Galvanic Field,28.63,0.0,0.0,0.0,0
Anomalous Vile Toxins Support,10.0,20.0,0.0,0.0,0
Anomalous Second Wind Support,50.0,131.08,0.0,0.0,0
Phantasmal Viper Strike,104.62,0.0,0.0,0.0,0
Phantasmal Vengeance,66.96,290.57,0.0,0.0,0
Anomalous Predator Support,15.0,214.1,0.0,0.0,0
Anomalous Flame Link,16.55,0.0,0.0,0.0,0
Anomalous Dread Banner,244.69,0.0,0.0,0.0,0
Anomalous Unbound Ailments Support,17.45,90.0,0.0,0.0,0
Anomalous Freezing Pulse,18.03,38.57,0.0,0.0,0
Divergent Immortal Call,45.1,97.72,0.0,0.0,0
Anomalous Reckoning,55.5,172.45,0.0,0.0,0
Phantasmal Bladestorm,142.81,0.0,0.0,0.0,0
Anomalous Ruthless Support,20.0,152.93,0.0,0.0,0
Divergent Summon Reaper,15.0,15.54,0.0,0.0,0
Divergent Spectral Helix,17.19,0.0,0.0,0.0,0
Anomalous Damage on Full Life Support,40.0,0.0,0.0,0.0,0
Anomalous Summon Chaos Golem,60.0,79.7,0.0,0.0,0
Divergent Arctic Armour,99.54,168.3,0.0,0.0,0
Divergent Flammability,28.72,185.81,0.0,0.0,0
Divergent Greater Multiple Projectiles Support,17.19,0.0,0.0,0.0,0
Anomalous Storm Rain,30.0,151.05,0.0,0.0,0
Divergent Ancestral Warchief,14.22,0.0,0.0,0.0,0
Divergent Wave of Conviction,15.21,186.27,0.0,0.0,0
Phantasmal Frost Bomb,55.94,183.52,0.0,0.0,0
Divergent Stun Support,11.41,0.0,0.0,0.0,0
Anomalous Consecrated Path,19.45,115.98,0.0,0.0,0
Divergent Onslaught Support,12.93,172.45,0.0,0.0,0
Divergent Minion Life Support,13.61,171.88,0.0,0.0,0
Anomalous Onslaught Support,22.81,40.0,0.0,0.0,0
Anomalous Flesh Offering,36.34,145.0,0.0,0.0,0
Divergent Cremation,14.21,0.0,0.0,0.0,0
Anomalous Rolling Magma,22.5,29.17,0.0,0.0,0
Anomalous Raise Zombie,10.0,0.0,0.0,0.0,0
Divergent Bane,65.0,0.0,0.0,0.0,0
Divergent Arcane Surge Support,106.38,121.5,0.0,0.0,0
Anomalous Less Duration Support,13.29,33.0,0.0,0.0,0
Divergent Blast Rain,33.27,0.0,0.0,0.0,0
Divergent Flame Dash,18.99,50.0,0.0,0.0,0
Divergent Tectonic Slam,152.93,0.0,0.0,0.0,0
Divergent Wither,27.98,0.0,0.0,0.0,0
Divergent Elemental Army Support,32.18,0.0,0.0,0.0,0
Divergent Penance Brand,21.25,0.0,0.0,0.0,0
Anomalous Multiple Traps Support,25.0,0.0,0.0,0.0,0
Divergent Flameblast,17.48,0.0,0.0,0.0,0
Anomalous Culling Strike Support,59.12,75.59,0.0,0.0,0
Anomalous Archmage Support,30.05,0.0,0.0,0.0,0
Phantasmal Stormblast Mine,56.93,0.0,0.0,0.0,0
Anomalous Cast on Melee Kill Support,5.74,26.5,0.0,0.0,0
Divergent Glacial Cascade,31.64,57.63,0.0,0.0,0
Anomalous Mirror Arrow,24.02,0.0,0.0,0.0,0
Anomalous Burning Damage Support,12.0,35.54,0.0,0.0,0
Divergent Fork Support,44.51,0.0,0.0,0.0,0
Anomalous Frostbolt,129.78,100.0,0.0,0.0,0
Phantasmal Dominating Blow,0.0,0.0,0.0,0.0,0
Divergent Void Sphere,12.0,20.0,0.0,0.0,0
Divergent Minefield Support,43.55,0.0,0.0,0.0,0
Phantasmal Dual Strike,123.44,0.0,0.0,0.0,0
Phantasmal Discharge,20.0,31.03,0.0,0.0,0
Anomalous Lightning Penetration Support,6.0,50.0,0.0,0.0,0
Divergent Elemental Proliferation Support,50.0,152.93,0.0,0.0,0
Anomalous Impurity of Lightning,0.0,0.0,0.0,152.93,0
Phantasmal Rain of Arrows,10.0,0.0,0.0,152.93,0
Phantasmal Ballista Totem Support,109.73,0.0,0.0,0.0,0
Divergent Urgent Orders Support,0.0,0.0,0.0,0.0,0
Divergent Faster Projectiles Support,21.0,152.93,0.0,0.0,0
Divergent Blastchain Mine Support,13.51,152.93,0.0,0.0,0
Divergent Less Duration Support,13.0,0.0,0.0,0.0,0
Anomalous Sweep,22.39,0.0,0.0,0.0,0
Anomalous Fork Support,10.0,32.5,0.0,0.0,0
Divergent Galvanic Arrow,16.44,152.93,0.0,0.0,0
Anomalous Maim Support,33.7,82.11,0.0,0.0,0
Divergent Intensify Support,100.0,46.54,0.0,0.0,0
Anomalous Storm Brand,14.36,25.0,0.0,0.0,0
Divergent Faster Attacks Support,10.91,152.93,0.0,0.0,0
Anomalous Added Cold Damage Support,8.26,152.93,0.0,0.0,0
Divergent Infernal Legion Support,15.0,152.93,0.0,0.0,0
Divergent Summon Ice Golem,6.52,152.93,0.0,0.0,0
Anomalous Chain Hook,5.0,152.93,0.0,0.0,0
Anomalous Summon Phantasm Support,60.0,0.0,0.0,0.0,0
Divergent Swift Assembly Support,32.47,0.0,0.0,0.0,0
Phantasmal Wild Strike,17.94,55.0,0.0,0.0,0
Anomalous Faster Casting Support,86.5,0.0,0.0,0.0,0
Anomalous Tectonic Slam,32.95,100.0,0.0,0.0,0
Phantasmal Rallying Cry,12.85,152.93,0.0,0.0,0
Anomalous Blast Rain,10.24,61.22,0.0,0.0,0
Anomalous Greater Volley Support,12.64,152.93,0.0,0.0,0
Divergent Ice Bite Support,10.0,105.77,0.0,0.0,0
Anomalous Shock Nova,28.16,56.03,0.0,0.0,0
Divergent Blight,24.79,0.0,0.0,0.0,0
Divergent Arrow Nova Support,18.2,70.4,0.0,0.0,0
Anomalous Ancestral Warchief,20.97,50.0,0.0,0.0,0
Divergent Consecrated Path,13.11,125.0,0.0,0.0,0
Anomalous Infernal Blow,27.58,0.0,0.0,0.0,0
Anomalous Trap Support,69.29,152.93,0.0,0.0,0
Phantasmal Sweep,21.06,152.93,0.0,0.0,0
Divergent Siege Ballista,8.41,40.0,0.0,0.0,0
Phantasmal Stormbind,0.0,152.93,0.0,0.0,0
Anomalous Vengeance,32.05,90.0,0.0,0.0,0
Anomalous Hydrosphere,42.19,132.5,0.0,0.0,0
Divergent Arrogance Support,23.29,80.0,0.0,0.0,0
Divergent Cruelty Support,12.17,30.0,0.0,0.0,0
Divergent Summon Phantasm Support,152.93,0.0,0.0,0.0,0
Anomalous Flameblast,152.93,0.0,0.0,0.0,0
Anomalous Endurance Charge on Melee Stun Support,152.93,0.0,0.0,0.0,0
Anomalous Shockwave Support,152.93,92.4,0.0,0.0,0
Anomalous Unleash Support,152.93,30.0,0.0,0.0,0
Divergent Elemental Focus Support,152.93,0.0,0.0,0.0,0
Phantasmal Seismic Cry,39.28,0.0,0.0,0.0,0
Anomalous Minion Life Support,41.4,0.0,0.0,0.0,0
Phantasmal Earthquake,152.93,0.0,0.0,0.0,0
Anomalous Power Siphon,35.3,24.95,0.0,7.82,0
Phantasmal Creeping Frost,20.15,123.29,0.0,0.0,0
Anomalous Flame Wall,8.0,125.0,0.0,0.0,0
Divergent Cast On Critical Strike Support,19.02,0.0,0.0,0.0,0
Divergent Soulrend,37.42,0.0,0.0,0.0,0
Divergent Spell Totem Support,15.0,35.0,0.0,0.0,0
Divergent Petrified Blood,16.34,0.0,0.0,0.0,0
Anomalous Contagion,11.48,0.0,0.0,0.0,0
Anomalous Bladestorm,4.49,0.0,0.0,0.0,0
Anomalous Life Gain on Hit Support,7.22,0.0,0.0,0.0,0
Anomalous Smite,10.0,61.2,0.0,0.0,0
Anomalous Storm Call,42.73,33.0,0.0,0.0,0
Divergent Lightning Tendrils,10.0,101.09,0.0,0.0,0
Divergent Lesser Multiple Projectiles Support,10.0,0.0,0.0,0.0,0
Divergent Sigil of Power,7.55,35.0,0.0,0.0,0
Anomalous Soulrend,16.34,87.63,0.0,0.0,0
Anomalous Melee Splash Support,8.7,50.0,0.0,0.0,0
Divergent Purity of Lightning,20.5,0.0,0.0,0.0,0
Phantasmal Molten Strike,37.0,0.0,0.0,0.0,0
Divergent Sunder,25.22,0.0,0.0,0.0,0
Divergent Divine Ire,11.64,0.0,0.0,0.0,0
Divergent Wild Strike,52.76,55.0,0.0,0.0,0
Divergent Explosive Concoction,10.0,152.93,0.0,0.0,0
Divergent Battlemage's Cry,6.57,0.0,0.0,0.0,0
Anomalous Rage Vortex,19.21,0.0,0.0,0.0,0
Divergent Voltaxic Burst,10.0,0.0,0.0,0.0,0
Anomalous Temporal Rift,14.3,33.0,0.0,0.0,0
Divergent Focused Ballista Support,66.75,0.0,0.0,0.0,0
Anomalous Punishment,21.74,0.0,0.0,0.0,0
Divergent Overcharge Support,152.93,0.0,0.0,0.0,0
Phantasmal Galvanic Field,112.04,26.94,0.0,0.0,0
Divergent Alchemist's Mark,25.0,0.0,0.0,0.0,0
Divergent Volley Support,22.97,50.0,0.0,0.0,0
Anomalous Additional Accuracy Support,16.55,21.9,0.0,0.0,0
Anomalous Glacial Cascade,18.2,40.0,0.0,0.0,0
Divergent Storm Burst,45.89,150.0,0.0,0.0,0
Divergent Firestorm,17.89,0.0,0.0,0.0,0
Divergent Rolling Magma,49.33,0.0,0.0,0.0,0
Divergent Ball Lightning,17.71,145.71,0.0,0.0,0
Divergent Iron Will Support,0.0,96.28,0.0,0.0,0
Divergent Impurity of Ice,0.0,0.0,0.0,141.29,0
Divergent Charged Mines Support,60.08,0.0,0.0,0.0,0
Anomalous Ball Lightning,24.92,0.0,0.0,0.0,0
Divergent Endurance Charge on Melee Stun Support,8.49,140.0,0.0,0.0,0
Divergent Enfeeble,22.07,140.0,0.0,0.0,0
Anomalous Conversion Trap,18.18,0.0,0.0,0.0,0
Divergent Arcanist Brand,22.06,140.0,0.0,0.0,0
Anomalous Bloodthirst Support,20.0,123.29,0.0,0.0,0
Divergent Second Wind Support,23.31,0.0,0.0,0.0,0
Phantasmal Arcanist Brand,13.04,0.0,0.0,0.0,0
Divergent Molten Strike,17.08,137.64,0.0,0.0,0
Divergent Rejuvenation Totem,25.58,69.29,0.0,0.0,0
Anomalous Lightning Arrow,18.85,110.0,0.0,0.0,0
Divergent Fortify Support,22.58,0.0,0.0,0.0,0
Divergent Summon Flame Golem,12.79,102.61,0.0,0.0,0
Anomalous Blastchain Mine Support,20.0,0.0,0.0,0.0,0
Phantasmal Frost Shield,0.0,0.0,0.0,0.0,0
Anomalous Volley Support,27.05,100.0,0.0,0.0,0
Anomalous Clarity,30.0,0.0,0.0,0.0,0
Anomalous Decay Support,0.6,60.0,0.0,0.0,0
Divergent Ensnaring Arrow,25.85,0.0,0.0,0.0,0
Divergent Phase Run,11.1,130.0,0.0,0.0,0
Divergent Fist of War Support,21.0,130.0,0.0,0.0,0
Anomalous Heavy Strike,14.34,130.0,0.0,0.0,0
Anomalous Point Blank Support,23.17,0.0,0.0,0.0,0
Divergent Maim Support,12.38,0.0,0.0,0.0,0
Anomalous Tempest Shield,16.51,39.08,0.0,0.0,0
Divergent Raise Zombie,25.2,100.92,0.0,0.0,0
Anomalous Arrow Nova Support,8.0,0.0,0.0,0.0,0
Divergent Riposte,10.99,0.0,0.0,0.0,0
Divergent Immolate Support,20.0,0.0,0.0,0.0,0
Divergent Charged Traps Support,16.57,50.0,0.0,0.0,0
Anomalous Multiple Totems Support,16.24,0.0,0.0,0.0,0
Anomalous Lightning Warp,7.98,100.0,0.0,0.0,0
Anomalous Herald of Thunder,6.01,115.0,0.0,0.0,0
Divergent Frost Wall,9.53,114.02,0.0,0.0,0
Divergent Meat Shield Support,82.9,80.0,0.0,0.0,0
Anomalous Lesser Multiple Projectiles Support,60.59,52.18,0.0,0.0,0
Divergent Dark Pact,30.71,0.0,0.0,0.0,0
Anomalous Divine Ire,10.0,60.4,0.0,0.0,0
Divergent Unbound Ailments Support,21.3,0.0,0.0,0.0,0
Anomalous Iron Grip Support,106.0,0.0,0.0,0.0,0
Phantasmal Sunder,25.93,0.0,0.0,0.0,0
Anomalous Elemental Army Support,14.03,35.92,0.0,0.0,0
Divergent Orb of Storms,11.57,86.5,0.0,0.0,0
Anomalous Frost Bomb,15.0,99.0,0.0,0.0,0
Divergent Eye of Winter,35.61,105.77,0.0,0.0,0
Divergent Blazing Salvo,49.93,105.74,0.0,0.0,0
Anomalous Molten Strike,10.0,31.0,0.0,0.0,0
Phantasmal Blink Arrow,79.15,105.29,0.0,0.0,0
Anomalous Pierce Support,27.11,82.33,0.0,0.0,0
Phantasmal Bodyswap,100.0,40.0,0.0,0.0,0
Anomalous Focused Ballista Support,27.11,0.0,0.0,0.0,0
Divergent Life Gain on Hit Support,0.0,0.0,0.0,0.0,0
Anomalous Blood and Sand,50.0,0.0,0.0,0.0,0
Anomalous Spirit Offering,49.55,30.0,0.0,0.0,0
Divergent Shattering Steel,22.08,0.0,0.0,0.0,0
Divergent Scourge Arrow,9.55,100.0,0.0,0.0,0
Divergent Archmage Support,16.97,50.0,0.0,0.0,0
Divergent Smite,16.76,36.27,0.0,0.0,0
Anomalous Immolate Support,10.0,0.0,0.0,0.0,0
Anomalous Fire Penetration Support,29.05,0.0,0.0,0.0,0
Divergent Ground Slam,21.4,100.0,0.0,0.0,0
Divergent Life Leech Support,52.97,0.0,0.0,0.0,0
Anomalous Urgent Orders Support,11.09,100.0,0.0,0.0,0
Divergent Essence Drain,20.0,0.0,0.0,0.0,0
Divergent Punishment,10.0,0.0,0.0,0.0,0
Divergent Seismic Cry,45.0,0.0,0.0,0.0,0
Divergent Siphoning Trap,10.0,40.0,0.0,0.0,0
Phantasmal Reave,36.52,0.0,0.0,91.76,0
Anomalous Perforate,6.0,0.0,0.0,0.0,0
Divergent Multiple Traps Support,52.11,0.0,0.0,0.0,0
Phantasmal Shockwave Totem,9.32,0.0,0.0,0.0,0
Anomalous Infernal Cry,20.0,26.61,0.0,0.0,0
Phantasmal Bear Trap,100.0,0.0,0.0,0.0,0
Divergent Hextouch Support,27.17,0.0,0.0,0.0,0
Anomalous Holy Flame Totem,100.0,0.0,0.0,0.0,0
Anomalous Minefield Support,21.57,0.0,0.0,0.0,0
Divergent Culling Strike Support,23.26,0.0,0.0,0.0,0
Phantasmal Rolling Magma,30.1,0.0,0.0,0.0,0
Anomalous Explosive Concoction,8.88,60.0,0.0,0.0,0
Anomalous Ambush,8.42,100.0,0.0,0.0,0
Divergent Tornado,23.95,100.0,0.0,0.0,0
Anomalous Dual Strike,31.5,0.0,0.0,0.0,0
Divergent Behead Support,21.24,0.0,0.0,0.0,0
Divergent Bladestorm,50.0,95.71,0.0,0.0,0
Divergent Void Manipulation Support,95.71,0.0,0.0,0.0,0
Anomalous Charged Traps Support,14.36,0.0,0.0,0.0,0
Anomalous Close Combat Support,29.12,0.0,0.0,0.0,0
Divergent Charged Dash,13.18,90.0,0.0,0.0,0
Divergent Earthquake,20.23,0.0,0.0,0.0,0
Anomalous Static Strike,7.0,19.7,0.0,0.0,0
Divergent Mirror Arrow,76.48,90.0,0.0,0.0,0
Divergent Caustic Arrow,10.0,89.1,0.0,0.0,0
Anomalous Wintertide Brand,20.98,25.0,0.0,0.0,0
Divergent Summon Lightning Golem,20.51,0.0,0.0,0.0,0
Anomalous Unearth,87.95,0.0,0.0,0.0,0
Anomalous Dominating Blow,20.13,0.0,0.0,0.0,0
Anomalous Split Arrow,20.85,0.0,0.0,0.0,0
Anomalous Ignite Proliferation Support,9.25,0.0,0.0,0.0,0
Anomalous Impurity of Fire,0.0,0.0,0.0,87.29,0
Anomalous Bloodlust Support,26.06,85.0,0.0,0.0,0
Divergent Searing Bond,85.0,0.0,0.0,0.0,0
Divergent Ice Nova,21.58,20.0,0.0,0.0,0
Anomalous Frost Shield,20.0,50.96,0.0,0.0,0
Divergent Spellslinger,14.14,0.0,0.0,0.0,0
Divergent Ancestral Cry,10.0,80.0,0.0,0.0,0
Divergent Animate Weapon,20.0,20.0,0.0,0.0,0
Anomalous Penance Brand,18.6,0.0,0.0,0.0,0
Divergent Raise Spectre,7.53,50.0,0.0,0.0,0
Divergent Lightning Arrow,16.35,58.87,0.0,0.0,0
Divergent Reckoning,41.32,80.0,0.0,0.0,0
Anomalous Intimidating Cry,18.17,80.0,0.0,0.0,0
Phantasmal Searing Bond,55.0,80.0,0.0,0.0,0
Anomalous Ancestral Cry,59.0,80.0,0.0,0.0,0
Phantasmal Siege Ballista,23.94,80.0,0.0,0.0,0
Anomalous Lightning Tendrils,18.13,0.0,0.0,0.0,0
Divergent Armageddon Brand,80.0,0.0,0.0,0.0,0
Divergent Temporal Rift,12.48,80.0,0.0,0.0,0
Anomalous Protective Link,8.98,0.0,0.0,0.0,0
Anomalous Impending Doom Support,12.65,80.0,0.0,0.0,0
Divergent Faster Casting Support,17.12,0.0,0.0,0.0,0
Anomalous Smoke Mine,9.99,60.0,0.0,0.0,0
Divergent Split Arrow,13.17,55.36,0.0,0.0,0
Divergent Melee Physical Damage Support,5.9,0.0,0.0,0.0,0
Divergent Temporal Chains,18.67,54.36,0.0,0.0,0
Anomalous Void Manipulation Support,14.0,75.0,0.0,0.0,0
Divergent Pyroclast Mine,23.27,0.0,0.0,0.0,0
Anomalous Swiftbrand Support,55.0,0.0,0.0,0.0,0
Divergent Artillery Ballista,21.06,0.0,0.0,0.0,0
Divergent Herald of Ice,20.0,73.09,0.0,0.0,0
Anomalous Elemental Focus Support,10.0,49.0,0.0,0.0,0
Block Chance Reduction Support,0.0,61.22,0.0,0.0,0
Anomalous Chain Support,14.1,51.29,0.0,0.0,0
Anomalous Cold Snap,9.23,35.54,0.0,40.0,0
Divergent Lightning Warp,24.85,50.0,0.0,0.0,0
Phantasmal Tectonic Slam,7.27,0.0,0.0,0.0,0
Divergent Dual Strike,23.04,70.0,0.0,0.0,0
Anomalous Earthshatter,46.0,0.0,0.0,0.0,0
Anomalous Hextouch Support,16.62,0.0,0.0,0.0,0
Anomalous Behead Support,10.79,59.97,0.0,0.0,0
Anomalous Voltaxic Burst,18.17,50.0,0.0,0.0,0
Anomalous Shockwave Totem,58.21,67.55,0.0,0.0,0
Divergent Impale Support,66.11,0.0,0.0,0.0,0
Anomalous Bladefall,11.5,30.0,0.0,0.0,0
Anomalous Stormblast Mine,14.34,0.0,0.0,0.0,0
Divergent Static Strike,51.14,0.0,0.0,0.0,0
Divergent Soul Link,11.09,0.0,0.0,0.0,0
Anomalous Item Rarity Support,19.93,35.0,0.0,0.0,0
Anomalous Splitting Steel,62.0,0.0,0.0,0.0,0
Phantasmal Mirror Arrow,61.8,0.0,0.0,0.0,0
Divergent Blood and Sand,20.89,0.0,0.0,0.0,0
Anomalous Bear Trap,0.0,0.0,0.0,0.0,0
Divergent Cast while Channelling Support,11.03,0.0,0.0,0.0,0
Phantasmal Siphoning Trap,0.0,0.0,0.0,0.0,0
Divergent Summon Skeletons,17.89,0.0,0.0,0.0,0
Divergent Infused Channelling Support,0.0,60.0,0.0,0.0,0
Anomalous Elemental Hit,60.0,0.0,0.0,0.0,0
Anomalous Wave of Conviction,19.87,0.0,0.0,0.0,0
Divergent Stormbind,22.3,0.0,0.0,0.0,0
Divergent Ancestral Protector,32.77,40.0,0.0,0.0,0
Divergent Protective Link,24.08,0.0,0.0,0.0,0
Divergent Lightning Spire Trap,0.0,56.76,0.0,0.0,0
Anomalous Cleave,56.76,0.0,0.0,0.0,0
Divergent Frost Bomb,23.04,0.0,0.0,0.0,0
Divergent Cold to Fire Support,30.29,0.0,0.0,0.0,0
Anomalous Elemental Damage with Attacks Support,40.0,0.0,0.0,0.0,0
Divergent Blade Blast,8.0,0.0,0.0,0.0,0
Anomalous Stun Support,11.65,0.0,0.0,0.0,0
Anomalous Brand Recall,52.04,0.0,0.0,0.0,0
Anomalous Summon Reaper,12.15,0.0,0.0,0.0,0
Divergent Viper Strike,8.44,40.0,0.0,0.0,0
Anomalous Earthbreaker Support,27.85,50.5,0.0,0.0,0
Phantasmal Animate Weapon,15.0,0.0,0.0,0.0,0
Anomalous Galvanic Arrow,5.6,50.0,0.0,0.0,0
Divergent Knockback Support,10.0,0.0,0.0,0.0,0
Anomalous Searing Bond,31.59,0.0,0.0,0.0,0
Divergent Summon Chaos Golem,10.0,0.0,0.0,0.0,0
Phantasmal Lancing Steel,23.35,0.0,0.0,0.0,0
Anomalous Ballista Totem Support,25.0,0.0,0.0,0.0,0
Divergent Cast on Melee Kill Support,10.0,50.0,0.0,0.0,0
Divergent Flamethrower Trap,9.21,50.0,0.0,0.0,0
Anomalous Spellslinger,18.15,0.0,0.0,0.0,0
Anomalous Stormbind,0.0,0.0,0.0,0.0,0
Anomalous Incinerate,8.61,0.0,0.0,0.0,0
Anomalous Seismic Cry,13.2,0.0,0.0,0.0,0
Divergent Critical Strike Affliction Support,6.57,50.0,0.0,0.0,0
Anomalous Critical Strike Affliction Support,26.52,50.0,0.0,0.0,0
Divergent Intuitive Link,16.5,0.0,0.0,0.0,0
Anomalous Soul Link,18.5,50.0,0.0,0.0,0
Divergent Reave,7.19,10.0,0.0,0.0,0
Divergent Flame Wall,9.31,0.0,0.0,0.0,0
Divergent Icicle Mine,20.0,0.0,0.0,0.0,0
Anomalous Minion Damage Support,12.68,35.1,0.0,0.0,0
Anomalous Spectral Helix,26.25,0.0,0.0,0.0,0
Divergent Blade Flurry,20.0,45.0,0.0,0.0,0
Anomalous Swift Affliction Support,9.64,0.0,0.0,0.0,0
Divergent Added Lightning Damage Support,8.0,45.0,0.0,0.0,0
Anomalous Flamethrower Trap,6.1,45.0,0.0,0.0,0
Divergent Mana Leech Support,44.09,30.0,0.0,0.0,0
Anomalous Sunder,38.27,33.17,0.0,0.0,0
Divergent Vulnerability,5.5,0.0,0.0,0.0,0
Divergent Splitting Steel,17.28,41.0,0.0,0.0,0
Anomalous Detonate Mines,40.23,0.0,0.0,0.0,0
Brand Recall,2.96,0.0,0.0,0.0,0
Divergent Lacerate,28.0,0.0,0.0,0.0,0
Divergent Decay Support,21.0,40.0,0.0,0.0,0
Divergent Cold Penetration Support,21.55,0.0,0.0,0.0,0
Divergent Bloodthirst Support,9.57,40.0,0.0,0.0,0
Anomalous Rallying Cry,12.6,0.0,0.0,0.0,0
Divergent Infernal Cry,10.0,0.0,0.0,0.0,0
Anomalous Viper Strike,37.72,0.0,0.0,0.0,0
Divergent Ruthless Support,13.23,20.0,0.0,0.0,0
Phantasmal Blast Rain,27.15,0.0,0.0,0.0,0
Divergent Glacial Hammer,36.32,0.0,0.0,0.0,0
Divergent Contagion,31.27,0.0,0.0,0.0,0
Anomalous Shattering Steel,36.04,5.0,0.0,0.0,0
Anomalous Double Strike,17.95,0.0,0.0,0.0,0
Anomalous Hexblast,16.1,20.0,0.0,0.0,0
Phantasmal Reckoning,10.0,0.0,0.0,0.0,0
Divergent Dominating Blow,5.94,3.0,0.0,0.0,0
Divergent Cleave,35.0,0.0,0.0,0.0,0
Anomalous Pestilent Strike,34.11,0.0,0.0,0.0,0
Anomalous Spell Cascade Support,20.0,0.0,0.0,0.0,0
Anomalous Animate Weapon,15.0,0.0,0.0,0.0,0
Divergent Intimidating Cry,10.0,0.0,0.0,0.0,0
Anomalous Blind Support,11.09,0.0,0.0,0.0,0
Divergent Perforate,10.0,0.0,0.0,0.0,0
Anomalous Charged Dash,15.99,30.0,0.0,0.0,0
Anomalous Impurity of Ice,0.0,0.0,0.0,32.0,0
Anomalous Winter Orb,11.04,20.3,0.0,0.0,0
Anomalous Firestorm,15.0,0.0,0.0,0.0,0
Anomalous Generosity Support,21.0,0.0,0.0,0.0,0
Divergent Physical to Lightning Support,25.0,0.0,0.0,0.0,0
Divergent Pestilent Strike,30.87,20.0,0.0,0.0,0
Phantasmal Scourge Arrow,15.61,0.0,0.0,0.0,0
Divergent Elemental Hit,16.71,0.0,0.0,0.0,0
Phantasmal Splitting Steel,30.48,0.0,0.0,0.0,0
Divergent Vigilant Strike,30.3,0.0,0.0,0.0,0
Anomalous Riposte,24.32,0.0,0.0,0.0,0
Divergent Added Chaos Damage Support,12.97,0.0,0.0,0.0,0
Phantasmal Shrapnel Ballista,10.0,30.0,0.0,0.0,0
Divergent Spell Cascade Support,30.0,0.0,0.0,0.0,0
Divergent Swift Affliction Support,30.0,0.0,0.0,0.0,0
Divergent Energy Blade,16.42,20.0,0.0,0.0,0
Anomalous Wild Strike,23.55,0.0,0.0,0.0,0
Impurity of Fire,0.0,0.0,0.0,28.6,0
Divergent Puncture,26.1,0.0,0.0,0.0,0
Anomalous Armageddon Brand,8.71,25.0,0.0,0.0,0
Divergent Ambush,22.01,0.0,0.0,0.0,0
Divergent Destructive Link,16.09,0.0,0.0,0.0,0
Anomalous Ice Shot,16.03,0.0,0.0,0.0,0
Impurity of Lightning,0.0,0.0,0.0,24.0,0
Anomalous Blink Arrow,17.17,0.0,0.0,0.0,0
Divergent Flame Link,23.4,0.0,0.0,0.0,0
Divergent Vicious Projectiles Support,14.26,0.0,0.0,0.0,0
Divergent Cobra Lash,20.0,0.0,0.0,0.0,0
Anomalous Advanced Traps Support,5.76,0.0,0.0,0.0,0
Phantasmal Pestilent Strike,10.0,0.0,0.0,0.0,0
Phantasmal Vigilant Strike,15.5,0.0,0.0,0.0,0
Anomalous Blade Blast,15.0,0.0,0.0,0.0,0
Divergent Cluster Traps Support,13.33,0.0,0.0,0.0,0
Anomalous Earthquake,7.08,0.0,0.0,0.0,0
Divergent Holy Flame Totem,8.0,20.0,0.0,0.0,0
Anomalous Puncture,15.32,0.0,0.0,0.0,0
Divergent Bladefall,5.0,0.0,0.0,0.0,0
Anomalous Life Leech Support,14.7,0.0,0.0,0.0,0
Anomalous Vigilant Strike,13.2,0.0,0.0,0.0,0
Divergent Impurity of Fire,0.0,0.0,0.0,0.0,0
Impurity of Ice,0.0,0.0,0.0,10.0,0
Anomalous Ice Crash,10.0,0.0,0.0,0.0,0
Phantasmal Perforate,10.0,0.0,0.0,0.0,0
Anomalous Portal,10.0,0.0,0.0,0.0,0
Blood and Sand,4.0,0.0,0.0,0.0,0
Portal,0.0,0.0,0.0,0.0,0
Detonate Mines,0.0,0.0,0.0,0.0,0
