Gem Name,Buy price,Corrupted 20/20,Success 21/20,Listed 21/20,Vaal price,Leveled 20/20,Listed L20/20
Divergent Wrath,1769.6,1819.47,15168.0,2,0.0,1769.6,18
Awakened Greater Multiple Projectiles Support,7171.38,7196.28,11435.34,18,0.0,0.0,0
Awakened Multistrike Support,5609.38,6067.2,10076.56,16,0.0,0.0,0
Awakened Spell Cascade Support,6067.2,6206.5,7570.69,24,0.0,0.0,0
Awakened Spell Echo Support,3308.0,3727.37,6406.64,19,0.0,0.0,0
Divergent Shockwave Totem,859.52,606.72,6067.2,27,0.0,1247.12,20
Divergent Cast when Damage Taken Support,2009.32,2020.73,6067.2,31,0.0,2148.8,34
Divergent Determination,1198.52,943.96,5056.0,16,0.0,1312.46,62
Divergent Summon Skitterbots,819.19,1011.2,4966.48,12,0.0,1061.76,79
Divergent Fireball,354.89,199.54,4803.2,15,20.0,707.84,42
Divergent Creeping Frost,766.98,850.84,4732.74,16,0.0,1011.2,31
Anomalous Ice Spear,783.68,291.93,4549.59,24,0.0,1011.2,51
Divergent Tempest Shield,1262.11,1264.0,4258.42,5,0.0,1390.4,54
Divergent Wild Strike,9.16,81.34,4044.8,1,0.0,122.96,14
Divergent Power Charge On Critical Support,2022.4,2275.2,3792.0,7,0.0,2275.2,47
Anomalous Defiance Banner,952.44,1092.43,3785.87,7,0.0,1235.59,63
Anomalous Summon Skeletons,353.92,353.92,3539.2,28,20.0,552.72,49
Anomalous Precision,1264.0,1264.0,3243.29,20,0.0,1503.4,45
Phantasmal Fireball,15.0,46.62,3033.6,1,50.0,118.0,27
Awakened Fork Support,1011.2,1137.6,2780.8,23,0.0,0.0,0
Divergent Mark On Hit Support,505.6,622.63,2624.43,9,0.0,702.54,101
Anomalous Shrapnel Ballista,17.4,30.0,2528.0,3,0.0,132.65,14
Phantasmal Cremation,483.58,580.49,2358.78,6,0.0,632.0,34
Anomalous Blood Rage,1264.0,1516.8,2351.04,6,0.0,1393.88,28
Awakened Cast On Critical Strike Support,175.45,252.8,2324.69,46,0.0,0.0,0
Divergent Summon Raging Spirit,160.0,35.0,2291.43,32,0.0,324.16,91
Divergent Riposte,8.74,25.31,2275.2,4,0.0,42.67,18
Divergent Spark,210.0,39.69,2275.2,35,20.0,336.83,66
Anomalous Tornado Shot,625.85,707.84,2275.2,21,0.0,748.57,84
Divergent Purity of Elements,530.88,615.76,2123.01,4,0.0,614.0,23
Divergent Void Manipulation Support,1209.63,1264.0,2094.56,5,0.0,1390.4,39
Anomalous Arrogance Support,379.2,505.6,2035.04,17,0.0,606.72,115
Divergent Cyclone,251.61,303.36,2022.4,24,34.52,353.92,120
Awakened Unleash Support,808.96,1188.16,2022.4,13,0.0,0.0,0
Phantasmal Molten Strike,5.9,40.0,2022.4,4,76.12,15.98,35
Phantasmal Unearth,191.48,241.75,1936.95,9,0.0,310.75,61
Divergent Inspiration Support,1011.07,1011.2,1916.84,50,0.0,1061.76,165
Phantasmal Spark,226.13,50.0,1896.0,65,10.0,303.36,61
Divergent Purity of Lightning,15.0,29.32,1824.46,3,0.0,62.99,14
Divergent Pulverise Support,506.25,729.03,1821.71,5,0.0,758.4,68
Divergent Infernal Cry,5.0,35.0,1820.16,2,0.0,35.16,11
Anomalous Nightblade Support,100.0,209.83,1782.24,9,0.0,252.8,48
Awakened Increased Area of Effect Support,379.2,556.16,1769.6,40,0.0,0.0,0
Divergent Explosive Concoction,10.0,26.45,1769.6,2,0.0,32.85,24
Divergent Melee Splash Support,252.8,353.92,1752.66,12,0.0,379.2,153
Divergent Purity of Ice,40.11,30.0,1693.5,11,0.0,85.0,11
Divergent Divine Ire,10.0,39.13,1688.6,4,0.0,96.25,9
Phantasmal Soulrend,70.0,140.64,1613.24,5,0.0,252.8,45
Anomalous Malevolence,251.5,261.01,1585.23,8,0.0,378.67,24
Divergent Boneshatter,135.31,163.66,1579.37,11,0.0,252.8,64
Divergent Minefield Support,10.0,40.0,1567.36,4,0.0,50.0,31
Divergent Rallying Cry,20.0,74.17,1516.8,1,0.0,0.0,0
Anomalous Stun Support,7.0,20.0,1516.8,2,0.0,12.58,5
Phantasmal Spectral Shield Throw,89.88,89.91,1516.8,12,0.0,248.99,61
Divergent Elemental Army Support,8.72,50.0,1516.8,2,0.0,34.02,8
Anomalous Storm Brand,5.5,20.0,1516.8,1,0.0,32.84,26
Divergent Charged Mines Support,303.36,416.19,1482.67,10,0.0,480.32,90
Divergent Hatred,30.0,30.0,1463.22,7,0.0,68.26,32
Divergent Bone Offering,94.25,148.1,1447.14,17,0.0,170.0,138
Anomalous Enfeeble,9.88,24.75,1429.09,10,0.0,149.0,38
Anomalous Vitality,252.8,252.8,1414.9,9,0.0,252.8,31
Anomalous Scourge Arrow,21.15,27.5,1411.85,10,0.0,50.82,42
Divergent Artillery Ballista,86.73,70.51,1394.83,11,0.0,126.4,47
Divergent Righteous Fire,200.0,252.8,1390.4,45,497.18,353.92,189
Divergent Frost Shield,20.0,77.65,1384.71,8,0.0,90.0,105
Anomalous Petrified Blood,70.0,150.0,1372.03,29,0.0,180.0,167
Anomalous Multistrike Support,10.0,58.87,1365.12,4,0.0,44.71,14
Phantasmal Leap Slam,597.71,758.4,1343.23,4,0.0,721.51,32
Phantasmal Toxic Rain,49.44,39.0,1319.3,7,0.0,176.34,20
Phantasmal Lightning Tendrils,25.0,46.76,1318.86,4,0.0,50.0,12
Anomalous Determination,39.43,22.0,1271.18,19,0.0,95.0,100
Awakened Void Manipulation Support,170.0,300.2,1264.0,63,0.0,0.0,0
Divergent Haste,379.2,379.2,1264.0,29,551.84,455.04,88
Phantasmal Hexblast,19.11,104.69,1264.0,3,0.0,73.42,20
Divergent Absolution,8.0,20.0,1264.0,3,0.0,17.46,21
Anomalous Chance to Poison Support,20.0,70.0,1264.0,3,0.0,70.0,34
Awakened Elemental Focus Support,90.0,200.0,1264.0,91,0.0,0.0,0
Divergent Innervate Support,50.0,120.0,1264.0,5,0.0,131.95,60
Anomalous Purity of Elements,180.0,220.0,1264.0,39,0.0,225.53,143
Divergent Rejuvenation Totem,10.0,50.68,1264.0,2,0.0,70.0,55
Phantasmal Smite,1137.6,962.07,1264.0,32,1673.54,1072.59,16
Anomalous Shockwave Totem,25.0,10.0,1264.0,41,0.0,80.53,75
Anomalous Wrath,55.0,30.0,1264.0,41,0.0,130.0,115
Anomalous Elemental Penetration Support,0.0,0.0,1264.0,1,0.0,505.6,2
Divergent Glacial Cascade,12.73,32.06,1264.0,5,0.0,95.14,19
Phantasmal Bladestorm,8.42,111.9,1264.0,2,0.0,70.0,20
Anomalous Flameblast,7.16,44.0,1264.0,3,266.58,53.98,6
Divergent Volley Support,5.0,13.7,1264.0,3,0.0,55.0,10
Divergent Ice Crash,9.0,40.31,1264.0,2,0.0,27.81,18
Divergent Arcane Cloak,139.28,230.66,1264.0,8,0.0,252.8,58
Phantasmal Ice Spear,28.0,14.91,1264.0,33,0.0,66.56,50
Divergent Vitality,87.08,80.0,1263.21,13,0.0,120.0,126
Anomalous Raise Spectre,19.91,24.67,1249.01,21,0.0,88.63,43
Anomalous Icicle Mine,25.52,20.0,1243.67,20,0.0,98.6,99
Anomalous Grace,175.54,252.8,1239.1,14,100.0,328.64,49
Awakened Chain Support,278.08,505.6,1221.46,26,0.0,0.0,0
Awakened Elemental Damage with Attacks Support,123.12,245.5,1213.44,103,0.0,0.0,0
Anomalous Hatred,55.0,35.0,1209.12,26,0.0,189.48,94
Divergent Divine Blessing Support,308.83,454.01,1205.86,13,0.0,581.44,122
Anomalous Shock Nova,25.0,40.5,1196.85,10,0.0,85.0,53
Anomalous Sigil of Power,25.0,82.83,1191.77,7,0.0,95.8,42
Divergent Frost Blades,11.25,9.03,1188.16,19,0.0,64.58,53
Phantasmal Raise Zombie,20.0,20.24,1163.89,7,0.0,100.87,14
Phantasmal Consecrated Path,9.41,16.19,1150.24,4,0.0,24.38,9
Divergent Animate Guardian,50.0,44.7,1149.99,38,0.0,100.0,186
Anomalous Flammability,35.0,60.0,1137.6,22,0.0,100.0,124
Anomalous Zealotry,45.0,30.0,1137.6,66,0.0,109.0,117
Divergent Volatile Dead,20.0,18.8,1137.6,16,0.0,75.25,28
Anomalous Reap,28.58,9.0,1137.6,30,0.0,80.0,58
Anomalous Despair,119.0,130.92,1132.57,25,0.0,190.0,296
Divergent Arc,15.0,30.0,1124.57,8,20.0,87.32,48
Divergent Tornado Shot,75.0,35.0,1116.42,63,0.0,159.46,168
Divergent Focused Ballista Support,10.0,97.96,1114.85,8,0.0,154.17,44
Divergent Withering Touch Support,99.28,180.0,1101.74,10,0.0,252.8,139
Divergent Increased Critical Strikes Support,15.42,50.0,1092.5,9,0.0,75.0,20
Divergent Herald of Ash,80.0,150.0,1087.04,19,0.0,165.0,158
Anomalous Greater Multiple Projectiles Support,305.99,455.04,1081.02,23,0.0,455.04,136
Anomalous Increased Critical Damage Support,20.0,66.17,1066.5,7,0.0,90.0,42
Divergent Elemental Weakness,10.0,75.94,1063.53,6,0.0,112.97,51
Divergent Trinity Support,15.17,93.75,1063.15,10,0.0,92.67,58
Anomalous Culling Strike Support,15.0,53.58,1056.2,9,0.0,61.96,26
Anomalous Assassin's Mark,75.0,105.0,1040.97,27,0.0,120.0,222
Divergent Vortex,34.8,20.0,1030.32,19,0.0,118.84,82
Awakened Unbound Ailments Support,95.0,252.8,1025.89,62,0.0,0.0,0
Divergent Lightning Trap,24.2,46.71,1013.96,2,19.92,65.67,19
Divergent Lightning Arrow,11.14,40.0,1011.71,11,0.0,50.0,52
Divergent Rage Support,317.36,380.49,1011.2,3,0.0,505.6,24
Divergent Swiftbrand Support,10.0,42.5,1011.2,6,0.0,59.66,64
Anomalous Pestilent Strike,7.15,45.43,1011.2,1,0.0,28.2,13
Anomalous Frostbite,35.0,60.0,1011.2,36,0.0,113.16,127
Anomalous Animate Weapon,5.0,33.7,1011.2,3,0.0,82.15,16
Anomalous Toxic Rain,24.61,19.0,1011.2,15,0.0,135.41,69
Anomalous Spell Totem Support,8.79,55.0,1011.2,2,0.0,50.43,18
Anomalous Ice Nova,10.0,20.0,1011.2,22,13.94,70.87,53
Anomalous Focused Ballista Support,10.0,64.1,1011.2,5,0.0,46.56,42
Divergent Malevolence,29.0,39.96,1011.2,49,0.0,90.0,146
Divergent Raise Spectre,5.0,26.16,1011.2,5,0.0,27.55,14
Anomalous Flamethrower Trap,5.78,15.27,1011.2,5,0.0,11.22,24
Divergent Incinerate,10.45,44.25,1011.2,6,0.0,58.24,20
Divergent Spectral Throw,15.0,70.0,1011.2,3,63.55,89.66,25
Divergent Fire Trap,7.42,38.73,1011.2,3,0.0,67.07,8
Divergent Molten Shell,8.31,20.99,1011.2,6,100.0,40.0,23
Divergent Hypothermia Support,40.0,40.0,1011.2,24,0.0,80.0,84
Anomalous Frost Blades,31.2,28.93,1011.2,9,0.0,70.53,23
Anomalous Ice Bite Support,15.98,24.0,1011.2,17,0.0,65.0,42
Phantasmal Reave,36.95,97.14,1011.2,2,252.8,71.94,14
Anomalous Inspiration Support,120.0,141.97,1008.62,30,0.0,150.0,193
Anomalous Discipline,45.0,58.99,1008.45,29,100.0,190.0,98
Phantasmal Ancestral Protector,62.61,147.77,992.29,23,0.0,160.0,198
Divergent Exsanguinate,16.36,15.0,992.16,29,0.0,75.87,57
Divergent Maim Support,9.81,35.34,990.95,5,0.0,35.0,49
Anomalous Kinetic Blast,252.8,252.8,986.44,13,0.0,263.76,90
Anomalous Exsanguinate,15.0,25.55,985.62,18,0.0,90.0,87
Divergent Herald of Thunder,23.16,42.01,982.6,7,0.0,80.0,30
Divergent Shockwave Support,25.96,20.0,982.27,18,0.0,75.24,89
Divergent Storm Call,10.0,31.94,980.05,3,120.87,135.18,15
Anomalous Herald of Purity,25.0,30.0,976.72,24,0.0,50.53,97
Anomalous Damage on Full Life Support,10.0,48.01,976.02,8,0.0,70.88,18
Divergent Explosive Arrow,17.09,10.0,973.54,17,0.0,73.76,43
Anomalous Ice Trap,30.0,10.0,971.57,43,0.0,140.0,61
Divergent Flicker Strike,35.0,39.06,958.21,64,70.0,114.08,85
Anomalous Cruelty Support,14.2,60.0,956.31,10,0.0,100.0,58
Anomalous Mana Leech Support,194.22,252.8,953.45,10,0.0,886.61,53
Anomalous Dread Banner,15.0,80.0,936.62,5,0.0,128.17,23
Divergent Plague Bearer,225.0,252.8,930.0,13,0.0,278.08,77
Phantasmal Flame Wall,118.55,252.8,926.67,7,0.0,250.65,25
Divergent Herald of Agony,278.08,328.64,916.6,48,0.0,328.64,217
Phantasmal Winter Orb,11.44,13.54,912.36,18,0.0,50.92,74
Divergent Added Fire Damage Support,7.66,22.66,909.95,4,0.0,36.03,7
Awakened Burning Damage Support,20.0,100.0,899.92,79,0.0,0.0,0
Anomalous Endurance Charge on Melee Stun Support,66.18,252.8,892.77,4,0.0,379.2,24
Divergent Trap and Mine Damage Support,80.0,193.95,891.12,8,0.0,252.8,59
Divergent Concentrated Effect Support,5.22,22.28,884.8,4,0.0,37.65,9
Divergent Ice Spear,35.91,10.0,884.8,51,0.0,73.21,71
Awakened Added Lightning Damage Support,18.42,79.0,884.8,60,0.0,0.0,0
Divergent Multiple Totems Support,20.0,49.32,884.8,5,0.0,85.0,81
Divergent Pierce Support,9.0,45.78,884.8,2,0.0,41.12,12
Divergent Anger,57.3,65.41,884.8,2,0.0,131.56,10
Anomalous Feeding Frenzy Support,119.6,379.2,884.8,6,0.0,376.87,23
Divergent Ball Lightning,20.0,30.0,877.14,11,0.0,81.86,34
Awakened Swift Affliction Support,35.0,139.0,859.52,116,0.0,0.0,0
Anomalous Penance Brand,5.0,29.77,859.52,2,0.0,32.03,10
Awakened Vicious Projectiles Support,20.0,80.0,859.52,62,0.0,0.0,0
Divergent Enduring Cry,14.0,49.5,859.01,4,0.0,50.0,34
Divergent Summon Phantasm Support,10.0,37.19,859.01,5,0.0,41.86,17
Phantasmal Earthshatter,10.0,48.72,859.01,4,0.0,40.0,8
Anomalous Poisonous Concoction,7.67,12.19,859.01,6,0.0,20.0,24
Anomalous Anger,8.0,15.0,856.2,9,0.0,29.88,36
Divergent Minion Damage Support,208.93,252.8,845.49,16,0.0,300.88,85
Divergent Swift Assembly Support,60.0,227.52,845.19,10,0.0,252.8,132
Divergent Impending Doom Support,13.52,30.0,843.72,10,0.0,160.0,11
Divergent Discharge,27.65,50.0,833.47,6,0.0,150.0,14
Anomalous Power Siphon,24.0,20.0,832.34,19,8.69,60.0,101
Divergent Frozen Legion,10.0,49.0,830.11,9,0.0,50.0,43
Anomalous Impending Doom Support,14.0,15.0,821.09,17,0.0,55.87,51
Divergent Immortal Call,21.64,91.45,813.81,4,0.0,87.86,21
Anomalous Temporal Rift,10.0,49.5,813.51,5,0.0,56.99,28
Anomalous Corrupting Fever,12.0,10.0,811.63,28,0.0,66.62,26
Divergent Explosive Trap,15.0,14.0,810.52,6,0.0,84.02,30
Anomalous Blazing Salvo,8.0,10.0,808.18,20,0.0,43.83,40
Anomalous Multiple Traps Support,9.46,30.38,806.43,5,0.0,40.0,27
Divergent Spirit Offering,10.0,42.01,800.68,13,0.0,49.63,59
Anomalous Frostbolt,20.0,100.46,799.77,7,0.0,81.34,35
Awakened Deadly Ailments Support,25.0,130.0,796.45,88,0.0,0.0,0
Anomalous Shield Charge,7.35,30.0,785.96,4,0.0,35.0,15
Anomalous Ballista Totem Support,9.7,54.11,785.96,4,0.0,67.52,30
Anomalous Infernal Blow,15.79,43.53,783.68,3,0.0,80.75,21
Anomalous Pinpoint Support,10.0,41.28,758.4,2,0.0,39.06,20
Anomalous Fist of War Support,10.0,31.08,758.4,6,0.0,76.98,17
Anomalous Minion Life Support,20.0,64.0,758.4,9,0.0,85.1,29
Divergent Lightning Conduit,8.92,34.2,758.4,3,0.0,49.83,6
Phantasmal Rolling Magma,10.0,155.0,758.4,1,0.0,278.08,2
Awakened Generosity Support,40.0,220.0,758.4,36,0.0,0.0,0
Divergent Charged Traps Support,10.0,70.0,758.4,5,0.0,80.0,32
Divergent Grace,10.0,33.8,758.4,24,29.03,70.0,68
Divergent Spell Cascade Support,13.25,40.0,758.4,3,0.0,83.23,18
Divergent Cold to Fire Support,20.0,36.34,758.4,2,0.0,134.48,2
Divergent Multistrike Support,112.48,180.0,758.4,40,0.0,180.0,192
Divergent High-Impact Mine Support,5.11,50.0,758.4,4,0.0,35.0,25
Phantasmal Summon Raging Spirit,15.0,15.0,758.4,13,0.0,33.01,29
Anomalous Lightning Arrow,7.0,29.15,758.4,4,0.0,35.25,21
Anomalous Detonate Dead,19.05,42.19,758.4,32,111.93,50.0,127
Divergent Meat Shield Support,14.73,188.57,758.4,5,0.0,195.0,35
Anomalous Sweep,5.78,38.98,758.4,1,0.0,211.46,7
Divergent Lifetap Support,12.44,70.0,758.4,8,0.0,81.44,39
Anomalous Spell Echo Support,124.04,220.0,758.4,30,0.0,252.8,105
Divergent Close Combat Support,15.0,40.0,758.4,18,0.0,60.0,89
Divergent Bonechill Support,75.0,210.0,758.4,30,0.0,252.8,157
Anomalous Withering Step,49.0,68.35,758.4,29,0.0,78.66,303
Anomalous Discharge,5.0,10.0,758.4,13,0.0,40.0,41
Phantasmal Frostbolt,25.0,76.2,758.4,20,0.0,90.0,50
Anomalous Forbidden Rite,29.0,10.0,758.4,24,0.0,75.68,76
Awakened Melee Physical Damage Support,15.0,80.0,758.4,71,0.0,0.0,0
Awakened Minion Damage Support,18.0,80.0,758.4,82,0.0,0.0,0
Anomalous Pulverise Support,13.86,125.87,758.4,9,0.0,159.04,42
Anomalous Manabond,10.0,82.0,758.4,4,0.0,102.12,10
Divergent Shield Crush,25.0,20.61,758.4,21,0.0,78.78,56
Divergent Precision,49.62,30.0,758.4,37,0.0,80.0,113
Divergent Forbidden Rite,12.0,10.0,758.4,25,0.0,40.0,34
Anomalous Haste,30.0,110.0,758.4,14,252.8,99.0,50
Divergent Temporal Chains,191.12,252.8,758.4,19,0.0,303.36,112
Anomalous Rage Support,10.0,19.91,758.4,22,0.0,42.59,55
Anomalous Herald of Ice,25.0,46.38,758.4,15,0.0,70.0,34
Phantasmal Discharge,19.09,20.0,758.4,16,0.0,59.32,22
Anomalous Conductivity,25.0,56.9,758.4,17,0.0,90.0,87
Anomalous Urgent Orders Support,15.0,40.0,755.87,7,0.0,50.0,91
Divergent Predator Support,15.0,40.0,753.89,16,0.0,55.33,86
Anomalous Animate Guardian,10.0,17.8,752.66,16,0.0,39.09,49
Divergent Ice Trap,8.0,10.0,739.26,12,0.0,50.0,36
Divergent Kinetic Blast,10.0,19.54,738.18,42,0.0,40.0,120
Anomalous Trap and Mine Damage Support,30.0,60.0,733.12,25,0.0,70.0,242
Awakened Brutality Support,10.0,86.74,733.12,63,0.0,0.0,0
Anomalous Hypothermia Support,25.55,70.0,725.14,23,0.0,97.0,107
Divergent Flesh Offering,17.0,40.0,714.71,30,0.0,49.28,150
Anomalous Siege Ballista,16.8,20.0,710.27,14,0.0,50.0,55
Awakened Added Cold Damage Support,20.0,80.0,707.84,82,0.0,0.0,0
Phantasmal Pestilent Strike,8.1,20.0,707.84,2,0.0,19.66,11
Awakened Lightning Penetration Support,14.0,99.8,698.79,78,0.0,0.0,0
Anomalous Berserk,10.0,45.0,698.36,10,0.0,58.37,68
Divergent Discipline,25.0,86.39,698.36,6,75.29,190.0,14
Anomalous Temporal Chains,20.0,70.0,696.76,33,0.0,79.0,152
Divergent Ballista Totem Support,15.0,34.26,690.07,8,0.0,50.0,61
Divergent Frostbite,10.0,50.0,688.84,15,0.0,60.0,43
Awakened Blasphemy Support,30.0,139.72,686.87,45,0.0,0.0,0
Awakened Hextouch Support,24.91,115.0,666.05,39,0.0,0.0,0
Anomalous Additional Accuracy Support,6.27,30.0,660.38,7,0.0,43.75,23
Divergent Molten Strike,16.13,27.51,659.56,7,60.0,147.72,15
Anomalous High-Impact Mine Support,10.0,90.0,658.16,3,0.0,60.0,21
Anomalous Divine Blessing Support,9.0,40.0,653.36,4,0.0,52.66,55
Anomalous Cast on Death Support,10.0,92.06,653.22,28,0.0,111.31,48
Divergent Culling Strike Support,23.09,35.0,645.78,8,0.0,60.0,45
Phantasmal Lightning Arrow,30.0,55.0,645.78,3,0.0,70.59,28
Divergent Lancing Steel,5.06,0.0,644.64,2,0.0,41.32,13
Anomalous Advanced Traps Support,8.0,29.51,643.38,5,0.0,55.13,27
Divergent Arctic Armour,66.51,84.94,643.38,7,0.0,110.0,31
Divergent Poisonous Concoction,15.0,15.0,632.0,37,0.0,60.85,51
Anomalous Freezing Pulse,10.0,25.0,632.0,27,0.0,64.6,37
Divergent Pride,10.0,40.0,632.0,10,0.0,88.38,48
Anomalous Intuitive Link,4.51,45.0,632.0,2,0.0,76.8,8
Divergent Soul Link,4.38,17.65,632.0,2,0.0,28.22,4
Divergent Arrow Nova Support,8.14,12.63,632.0,7,0.0,30.0,30
Divergent Double Strike,8.34,46.09,632.0,2,222.55,30.21,4
Anomalous Elemental Hit,9.0,25.94,632.0,10,0.0,60.0,32
Anomalous Hexblast,10.0,10.0,632.0,17,0.0,83.49,35
Anomalous Vortex,10.0,15.0,632.0,22,0.0,48.42,49
Anomalous Cast when Stunned Support,3.56,100.0,632.0,1,0.0,50.0,9
Anomalous Dash,10.0,40.0,630.74,13,0.0,44.0,51
Anomalous Vicious Projectiles Support,10.0,19.52,630.71,7,0.0,33.36,18
Divergent Barrage,10.0,42.15,619.62,21,0.0,63.82,39
Divergent Hexblast,20.0,14.3,618.95,32,0.0,76.64,65
Anomalous Efficacy Support,23.35,55.0,615.19,26,0.0,70.0,118
Anomalous Immortal Call,11.36,26.6,613.94,8,0.0,40.0,78
Anomalous Poacher's Mark,10.0,40.0,608.34,12,0.0,50.0,44
Divergent Smoke Mine,9.0,252.8,608.3,8,0.0,188.15,10
Divergent Purity of Fire,24.68,85.0,605.19,5,0.0,109.11,16
Phantasmal Lightning Warp,28.73,90.0,599.25,18,0.0,103.22,60
Anomalous Molten Shell,50.0,76.12,597.42,33,379.2,110.0,106
Awakened Cast While Channelling Support,65.0,252.8,588.87,63,0.0,0.0,0
Divergent Overcharge Support,9.0,44.59,588.27,2,0.0,44.7,16
Anomalous Withering Touch Support,16.43,50.0,583.97,25,0.0,60.0,94
Divergent Dark Pact,10.0,15.0,571.67,13,0.0,42.51,43
Anomalous Flame Surge,130.0,205.14,569.36,8,0.0,240.57,72
Divergent Energy Leech Support,20.0,45.0,568.8,12,0.0,70.0,41
Anomalous Volatile Dead,8.0,15.0,566.84,23,0.0,25.0,51
Anomalous Lifetap Support,7.8,33.81,563.74,8,0.0,33.15,35
Divergent Assassin's Mark,16.46,60.0,563.74,21,0.0,80.0,138
Phantasmal Dominating Blow,12.11,22.58,562.94,7,0.0,57.41,19
Anomalous Explosive Concoction,5.0,4.6,560.46,4,0.0,17.11,17
Anomalous Concentrated Effect Support,15.0,39.47,559.77,9,0.0,49.12,41
Divergent Crackling Lance,8.33,9.76,556.16,3,0.0,38.43,10
Divergent Manabond,5.0,25.0,556.16,5,0.0,26.48,16
Anomalous Leap Slam,9.29,108.95,556.16,4,0.0,43.58,11
Divergent Summon Reaper,9.0,10.0,556.16,21,0.0,49.09,41
Anomalous Lacerate,4.4,26.27,555.9,9,0.0,77.45,20
Divergent Galvanic Field,6.99,26.48,549.49,3,0.0,44.32,15
Awakened Cold Penetration Support,10.0,88.03,539.39,84,0.0,0.0,0
Divergent Conductivity,5.26,34.27,535.94,3,0.0,43.92,34
Divergent Rolling Magma,5.17,8.24,530.88,2,0.0,100.0,6
Divergent Wither,10.0,35.97,530.88,4,0.0,30.0,25
Anomalous Bonechill Support,10.0,70.0,520.08,9,0.0,70.0,77
Anomalous War Banner,35.0,75.35,516.07,6,0.0,86.93,34
Divergent Mirage Archer Support,18.0,70.0,511.73,18,0.0,79.0,128
Anomalous Storm Rain,13.46,35.81,511.52,19,0.0,41.05,59
Anomalous Flesh and Stone,14.0,42.48,508.79,26,0.0,53.5,80
Anomalous Summon Phantasm Support,8.8,29.99,508.36,2,0.0,39.23,11
Awakened Added Chaos Damage Support,9.0,60.0,505.6,64,0.0,0.0,0
Divergent Withering Step,12.0,40.0,505.6,10,0.0,30.0,82
Anomalous Cursed Ground Support,9.0,197.56,505.6,4,0.0,530.88,7
Phantasmal Raise Spectre,9.57,30.0,505.6,7,0.0,78.27,22
Divergent Frost Wall,10.0,71.72,505.6,3,0.0,105.79,10
Divergent Shock Nova,5.64,22.6,505.6,7,0.0,37.68,49
Phantasmal Tectonic Slam,5.0,30.0,505.6,3,0.0,40.83,14
Anomalous Split Arrow,12.42,40.0,505.6,3,0.0,40.0,19
Divergent Cold Penetration Support,5.0,16.48,505.6,4,0.0,27.94,15
Divergent Brutality Support,6.0,30.0,505.6,11,0.0,27.04,39
Phantasmal Frost Bomb,8.96,38.51,505.6,9,0.0,50.0,30
Divergent Combustion Support,16.44,40.0,505.6,11,0.0,60.0,78
Anomalous Rage Vortex,10.0,18.0,505.6,20,0.0,31.23,52
Anomalous Orb of Storms,10.0,29.45,505.6,10,0.0,55.18,36
Divergent Elemental Focus Support,9.0,37.97,505.6,2,0.0,20.94,5
Divergent Enfeeble,16.3,86.53,505.6,14,0.0,120.0,46
Anomalous Tectonic Slam,5.07,13.5,505.6,2,0.0,34.54,10
Phantasmal Purifying Flame,9.42,27.54,505.6,1,0.0,252.8,3
Anomalous Charged Mines Support,10.0,32.49,505.6,13,0.0,40.0,63
Anomalous Cast on Melee Kill Support,6.08,71.26,505.6,1,0.0,69.01,6
Anomalous Fortify Support,10.0,36.39,505.6,17,0.0,49.39,47
Divergent Summon Skeletons,10.0,20.0,505.6,4,34.4,42.32,30
Divergent Punishment,10.0,40.0,505.6,8,0.0,60.0,55
Divergent Chain Support,6.05,20.82,505.6,3,0.0,25.0,15
Anomalous Slower Projectiles Support,5.78,20.0,505.6,4,0.0,43.36,21
Anomalous Lesser Multiple Projectiles Support,10.0,30.58,505.6,2,0.0,37.41,28
Phantasmal Pyroclast Mine,8.0,11.01,505.6,2,0.0,19.0,17
Anomalous Arcane Surge Support,45.0,70.0,505.6,18,0.0,182.09,58
Divergent Earthquake,3.91,20.0,505.6,1,0.0,12.11,6
Divergent Fortify Support,8.0,30.0,505.6,3,0.0,47.42,25
Anomalous Critical Strike Affliction Support,5.0,27.02,505.6,1,0.0,28.42,14
Anomalous Summon Reaper,8.0,33.24,505.6,4,0.0,52.18,6
Anomalous Sniper's Mark,8.51,20.0,505.6,1,0.0,29.71,16
Anomalous Lightning Penetration Support,4.79,20.0,505.6,3,0.0,30.0,19
Anomalous Herald of Ash,9.0,26.86,505.6,6,0.0,45.64,25
Anomalous Ethereal Knives,10.0,8.0,505.6,40,0.0,40.0,109
Anomalous Pyroclast Mine,6.33,21.65,505.6,4,0.0,11.04,24
Divergent Vampiric Link,4.0,29.19,505.6,2,0.0,9.67,12
Anomalous Arc,12.13,20.0,505.6,25,29.58,50.0,73
Divergent Steelskin,9.0,37.88,505.6,5,0.0,38.86,35
Anomalous Bloodlust Support,5.0,15.0,505.6,4,0.0,39.0,11
Anomalous Cold to Fire Support,11.18,30.0,505.6,36,0.0,45.0,104
Phantasmal Sigil of Power,39.0,97.8,505.6,23,0.0,100.0,129
Phantasmal Vengeance,20.0,252.8,505.6,2,0.0,125.33,11
Divergent Mana Leech Support,10.0,42.79,505.6,3,0.0,66.22,20
Divergent Zealotry,40.0,87.42,505.6,6,0.0,95.0,37
Divergent Spellslinger,9.0,27.95,505.6,4,0.0,100.0,24
Phantasmal Frost Shield,10.0,42.19,505.6,6,0.0,50.81,18
Anomalous Flicker Strike,8.0,30.0,505.6,6,156.27,34.12,42
Divergent Corrupting Fever,8.69,10.0,504.84,13,0.0,32.34,69
Divergent Storm Brand,8.48,19.0,503.79,22,0.0,38.26,28
Anomalous Righteous Fire,10.0,20.0,502.29,27,30.0,48.45,57
Divergent Shattering Steel,11.77,80.0,500.8,2,0.0,194.49,4
Divergent Battlemage's Cry,8.0,33.48,499.89,12,0.0,38.82,31
Anomalous Trinity Support,9.0,28.0,494.97,10,0.0,60.0,25
Phantasmal Wave of Conviction,19.0,24.02,494.48,14,0.0,45.0,29
Divergent Clarity,20.0,38.0,493.73,9,59.59,56.86,43
Anomalous Behead Support,9.0,30.0,493.09,7,0.0,17.55,8
Anomalous Raise Zombie,9.29,14.0,492.16,24,0.0,37.3,47
Anomalous Energy Leech Support,10.0,26.98,491.81,7,0.0,61.82,21
Anomalous Multiple Totems Support,10.0,30.0,485.43,9,0.0,49.3,31
Anomalous Shockwave Support,9.0,20.0,485.38,5,0.0,22.27,38
Anomalous Innervate Support,8.0,12.05,485.35,6,0.0,19.85,66
Anomalous Lightning Tendrils,5.0,50.0,482.85,2,0.0,33.59,5
Phantasmal Crackling Lance,10.0,15.0,480.32,9,0.0,100.0,48
Divergent Hex Bloom Support,5.0,29.99,475.16,5,0.0,30.0,17
Divergent Cursed Ground Support,7.0,14.5,472.85,16,0.0,34.79,43
Anomalous Pierce Support,15.0,43.09,472.19,16,0.0,56.05,125
Divergent Minion Speed Support,15.0,45.0,471.42,5,0.0,48.1,55
Phantasmal Mirror Arrow,25.0,39.36,470.89,5,0.0,121.94,16
Divergent Frostblink,40.0,70.0,469.38,31,0.0,80.0,134
Divergent Scourge Arrow,9.0,25.0,468.73,8,0.0,21.25,28
Anomalous Vulnerability,9.13,30.0,462.16,20,0.0,39.09,65
Anomalous Glacial Cascade,8.09,20.14,460.55,7,0.0,43.19,26
Anomalous Battlemage's Cry,5.26,80.0,460.38,5,0.0,60.0,37
Phantasmal Perforate,39.37,70.0,460.25,7,0.0,150.68,15
Divergent Eternal Blessing Support,31.6,191.82,459.41,15,0.0,222.98,119
Anomalous Summon Skitterbots,10.0,39.96,458.72,12,0.0,50.0,85
Anomalous Second Wind Support,18.0,80.88,458.07,19,0.0,90.0,88
Divergent Poacher's Mark,5.0,20.0,457.62,5,0.0,34.82,18
Anomalous Mark On Hit Support,10.0,50.0,456.46,15,0.0,58.0,58
Anomalous Explosive Arrow,5.0,6.0,456.18,9,0.0,25.12,36
Anomalous Energy Blade,8.0,23.94,455.04,3,0.0,30.0,14
Anomalous Impale Support,9.0,37.73,455.04,9,0.0,30.0,34
Divergent Rain of Arrows,10.0,20.0,454.45,15,54.53,50.0,25
Divergent Urgent Orders Support,27.3,50.0,454.33,5,0.0,80.0,8
Anomalous Faster Casting Support,30.0,87.02,449.98,13,0.0,95.0,42
Divergent Increased Duration Support,9.0,30.0,444.95,10,0.0,43.87,27
Divergent War Banner,4.98,20.0,444.85,5,0.0,25.0,32
Divergent Bane,15.0,50.38,443.03,11,0.0,70.0,16
Anomalous Predator Support,10.0,35.0,443.03,8,0.0,50.0,42
Anomalous Mirage Archer Support,113.0,137.83,441.12,8,0.0,150.0,108
Divergent Shield Charge,6.68,38.86,437.57,7,0.0,34.03,37
Divergent Dual Strike,5.48,23.49,434.82,3,0.0,33.58,28
Divergent Sunder,6.48,10.0,434.61,5,0.0,44.12,12
Phantasmal Blink Arrow,50.0,115.94,431.55,6,0.0,101.97,41
Divergent Ancestral Warchief,10.0,50.0,431.02,6,2022.4,62.42,14
Divergent Summon Holy Relic,9.0,12.3,421.96,18,0.0,38.01,26
Divergent Reckoning,10.0,57.39,419.04,3,0.0,67.25,33
Awakened Fire Penetration Support,9.32,75.0,417.71,74,0.0,0.0,0
Phantasmal Galvanic Field,9.0,15.0,417.37,7,0.0,44.04,57
Divergent Decoy Totem,10.0,77.02,416.74,9,0.0,100.0,44
Divergent Purifying Flame,25.0,58.2,411.69,15,0.0,65.41,93
Divergent Trap Support,5.74,28.07,411.56,5,0.0,47.53,33
Anomalous Desecrate,8.0,28.0,407.95,4,0.0,20.0,31
Anomalous Blade Blast,8.87,27.83,406.91,7,0.0,106.96,3
Divergent Raise Zombie,9.0,28.44,404.35,11,0.0,40.0,61
Anomalous Spirit Offering,5.78,18.73,404.35,10,0.0,13.2,26
Divergent Ice Bite Support,9.0,16.33,403.25,8,0.0,34.06,18
Anomalous Steelskin,13.0,45.0,403.01,7,0.0,40.99,41
Anomalous Increased Critical Strikes Support,10.0,30.0,401.7,8,0.0,40.0,40
Anomalous Ice Shot,5.0,36.85,401.14,4,0.0,53.93,17
Anomalous Sunder,10.0,21.73,396.87,10,0.0,35.0,40
Anomalous Phase Run,15.0,80.0,396.26,21,0.0,90.4,100
Divergent Infernal Legion Support,8.0,29.42,394.45,10,0.0,28.68,25
Divergent Consecrated Path,7.71,33.79,392.98,3,0.0,38.72,24
Divergent Infused Channelling Support,6.38,38.75,392.98,4,0.0,213.93,14
Anomalous Increased Duration Support,83.44,192.7,391.79,19,0.0,200.0,125
Divergent Lightning Penetration Support,10.0,27.82,390.43,5,0.0,20.0,28
Phantasmal Searing Bond,75.0,143.77,390.08,14,0.0,163.3,105
Divergent Impale Support,9.43,47.75,389.26,4,0.0,70.0,41
Phantasmal Cyclone,10.0,40.0,386.55,9,15.0,48.51,43
Phantasmal Ballista Totem Support,98.74,234.39,381.19,8,0.0,252.8,19
Divergent Chance to Bleed Support,19.81,39.97,380.46,11,0.0,56.15,55
Anomalous Enduring Cry,12.4,46.22,379.2,8,0.0,55.0,59
Anomalous Warlord's Mark,10.0,39.08,379.2,8,0.0,59.44,57
Anomalous Winter Orb,9.0,20.0,379.2,7,0.0,20.0,12
Anomalous Summon Raging Spirit,9.0,15.0,379.2,17,0.0,40.0,44
Divergent Defiance Banner,13.33,20.0,379.2,22,0.0,36.48,40
Anomalous Overcharge Support,14.0,44.92,379.2,7,0.0,40.0,53
Divergent Spell Echo Support,38.18,98.35,374.04,13,0.0,141.96,64
Anomalous Boneshatter,9.0,25.49,371.56,18,0.0,41.47,64
Anomalous Cyclone,9.61,24.92,370.2,13,29.22,40.0,59
Divergent Lightning Warp,9.41,30.0,364.65,3,0.0,43.04,17
Anomalous Barrage Support,12.89,43.35,364.03,6,0.0,50.0,50
Phantasmal Creeping Frost,11.1,109.6,363.91,21,0.0,72.95,25
Divergent Archmage Support,6.0,24.23,363.02,7,0.0,35.73,20
Phantasmal Stormblast Mine,4.35,49.14,363.02,3,0.0,33.6,13
Divergent Seismic Trap,8.0,7.76,357.11,20,0.0,35.0,26
Anomalous Tempest Shield,30.0,25.0,355.54,19,0.0,57.68,56
Anomalous Item Rarity Support,9.0,25.17,353.92,11,0.0,21.0,22
Anomalous Controlled Destruction Support,10.48,27.42,353.92,6,0.0,40.1,53
Anomalous Frostblink,10.0,68.05,353.92,7,0.0,85.41,43
Divergent Advanced Traps Support,8.0,32.98,353.92,16,0.0,45.34,40
Anomalous Infused Channelling Support,15.0,45.0,353.4,9,0.0,50.19,80
Anomalous Maim Support,14.0,75.0,348.76,7,0.0,70.0,33
Divergent Added Cold Damage Support,9.5,25.63,345.65,7,0.0,29.0,32
Divergent Greater Volley Support,20.0,61.73,345.19,7,0.0,200.0,65
Divergent Greater Multiple Projectiles Support,15.0,92.25,341.67,9,0.0,150.0,36
Divergent Berserk,25.0,47.8,340.28,10,0.0,50.0,75
Divergent Contagion,9.0,82.92,338.7,4,0.0,37.07,11
Anomalous Vile Toxins Support,9.62,33.75,336.38,6,0.0,30.0,20
Anomalous Kinetic Bolt,19.0,69.25,334.63,8,0.0,174.45,16
Anomalous Summon Lightning Golem,30.0,99.77,334.29,19,0.0,98.41,186
Divergent General's Cry,10.0,20.0,333.7,3,0.0,25.15,14
Anomalous Cluster Traps Support,10.0,40.0,332.98,10,0.0,48.17,48
Divergent Unleash Support,9.45,74.39,332.9,3,0.0,49.7,31
Phantasmal Holy Flame Totem,7.92,16.62,331.22,4,0.0,19.71,12
Divergent Less Duration Support,8.63,252.8,331.17,2,0.0,100.0,5
Phantasmal Storm Brand,10.0,30.0,329.6,4,0.0,59.51,36
Anomalous Herald of Thunder,7.66,15.0,328.64,21,0.0,30.0,46
Awakened Added Fire Damage Support,7.0,40.0,322.89,74,0.0,0.0,0
Divergent Power Siphon,6.6,39.32,320.51,9,406.76,20.0,19
Divergent Barrage Support,8.0,22.02,316.66,10,0.0,35.0,26
Divergent Winter Orb,8.87,20.0,316.63,12,0.0,34.35,40
Divergent Pyroclast Mine,7.71,25.0,307.66,7,0.0,29.02,50
Divergent Flame Dash,8.43,45.1,307.66,4,0.0,100.0,26
Divergent Energy Blade,9.26,11.46,307.66,5,0.0,37.22,5
Anomalous Summon Stone Golem,34.0,64.0,306.2,12,0.0,74.86,198
Elemental Penetration Support,62.72,50.0,303.36,69,0.0,64.8,113
Anomalous Faster Attacks Support,17.06,104.9,303.36,3,0.0,142.74,20
Block Chance Reduction Support,9.02,156.21,303.36,6,0.0,45.19,27
Anomalous Essence Drain,4.0,13.67,303.1,10,0.0,18.19,26
Anomalous Storm Burst,7.0,12.34,303.1,4,0.0,40.0,27
Divergent Faster Attacks Support,7.42,35.54,303.1,6,0.0,30.0,16
Phantasmal Haste,19.18,46.21,303.1,3,360.27,72.68,10
Divergent Blast Rain,5.06,43.15,303.1,5,0.0,42.94,34
Anomalous Firestorm,5.0,27.02,300.83,2,0.0,40.0,2
Phantasmal Vortex,6.06,17.0,297.47,12,0.0,15.0,21
Divergent Dash,33.04,60.0,295.39,18,0.0,74.62,59
Anomalous Volley Support,6.77,30.0,294.13,5,0.0,33.92,17
Anomalous Ancestral Call Support,5.0,27.88,293.75,5,0.0,40.0,22
Anomalous Increased Area of Effect Support,10.0,59.58,293.37,9,0.0,55.0,72
Anomalous Tornado,8.0,11.86,292.49,10,0.0,30.0,41
Anomalous Flame Dash,15.0,83.15,284.11,16,0.0,100.0,112
Anomalous Herald of Agony,10.0,48.25,283.54,13,0.0,90.16,46
Anomalous Physical to Lightning Support,9.71,45.0,281.2,15,0.0,50.0,54
Divergent Dread Banner,10.0,30.0,280.74,9,0.0,40.0,76
Divergent Nightblade Support,4.94,30.0,280.36,2,0.0,24.4,13
Phantasmal Ice Nova,9.0,22.63,280.36,7,57.22,42.12,14
Anomalous Cobra Lash,9.0,20.99,280.36,4,0.0,26.09,18
Anomalous Absolution,5.84,29.18,280.36,6,0.0,30.55,18
Anomalous Elemental Weakness,10.0,70.0,280.36,5,0.0,69.78,16
Divergent Whirling Blades,9.0,46.85,280.36,3,0.0,75.0,29
Anomalous Deadly Ailments Support,10.0,65.0,280.12,15,0.0,74.99,86
Anomalous Frost Bomb,9.81,50.0,279.5,3,0.0,50.0,66
Anomalous Combustion Support,10.0,49.89,279.14,8,0.0,50.0,84
Divergent Holy Flame Totem,5.0,50.0,278.08,4,0.0,205.76,12
Anomalous Rolling Magma,8.0,25.0,278.08,3,0.0,27.93,43
Divergent Blazing Salvo,10.0,10.0,278.08,3,0.0,133.16,12
Anomalous Minefield Support,5.02,26.3,277.95,5,0.0,40.0,17
Divergent Arrogance Support,10.0,25.0,275.79,5,0.0,41.92,26
Divergent Efficacy Support,10.0,40.0,274.04,12,0.0,44.31,38
Divergent Cruelty Support,9.0,38.35,273.73,4,0.0,63.21,29
Anomalous Punishment,8.0,53.04,269.78,4,0.0,43.74,24
Divergent Siege Ballista,8.0,15.0,268.65,5,0.0,49.51,11
Phantasmal Barrage,9.31,49.55,268.05,4,0.0,47.95,20
Anomalous Melee Splash Support,8.13,25.0,267.81,8,0.0,26.27,56
Divergent Blade Flurry,4.54,40.0,265.44,2,252.8,10.4,18
Anomalous Life Gain on Hit Support,5.0,30.0,265.44,2,0.0,67.42,16
Awakened Melee Splash Support,8.0,60.0,264.1,55,0.0,0.0,0
Anomalous Spell Cascade Support,9.0,36.25,262.86,5,0.0,53.05,46
Phantasmal Decoy Totem,10.0,100.0,261.4,3,0.0,48.5,4
Anomalous Shattering Steel,5.0,17.18,252.8,4,0.0,17.13,11
Divergent Multiple Traps Support,5.0,19.5,252.8,5,0.0,18.1,21
Anomalous Perforate,7.32,37.74,252.8,4,0.0,70.0,36
Phantasmal Shockwave Totem,9.0,18.07,252.8,14,0.0,28.39,48
Divergent Vigilant Strike,6.93,50.0,252.8,2,0.0,62.54,10
Anomalous Crackling Lance,20.0,27.47,252.8,2,0.0,35.94,11
Anomalous Searing Bond,9.0,25.0,252.8,1,0.0,21.48,9
Divergent Heavy Strike,8.98,58.94,252.8,2,0.0,101.75,18
Anomalous Spark,15.0,15.0,252.8,58,10.0,50.0,66
Phantasmal Sunder,7.66,25.0,252.8,1,0.0,117.92,8
Anomalous Lightning Spire Trap,5.0,24.34,252.8,1,0.0,195.75,11
Anomalous Eye of Winter,8.0,24.0,252.8,11,0.0,40.0,35
Anomalous Power Charge On Critical Support,15.0,40.0,252.8,17,0.0,50.0,74
Divergent Chain Hook,7.71,14.32,252.8,1,0.0,6.0,5
Divergent Reap,7.86,5.81,252.8,13,0.0,44.26,41
Divergent Earthbreaker Support,12.94,40.82,252.8,3,0.0,35.97,26
Anomalous Cleave,7.24,31.0,252.8,3,31.0,40.0,16
Divergent Bloodthirst Support,6.94,30.0,252.8,7,0.0,44.39,36
Anomalous Voltaxic Burst,8.0,52.8,252.8,8,0.0,47.36,22
Phantasmal Arcanist Brand,5.0,27.08,252.8,8,0.0,32.52,20
Anomalous Decoy Totem,10.0,50.0,252.8,8,0.0,85.83,13
Anomalous Viper Strike,4.15,16.04,252.8,3,0.0,3.19,6
Anomalous Arctic Armour,10.0,50.0,252.8,14,0.0,71.64,90
Divergent Warlord's Mark,8.0,11.44,252.8,4,0.0,29.12,22
Anomalous Galvanic Field,8.0,17.65,252.8,6,0.0,40.0,24
Anomalous Arrow Nova Support,7.89,21.46,252.8,3,0.0,30.03,9
Divergent Venom Gyre,169.05,118.35,252.8,44,758.4,505.6,22
Anomalous Infernal Cry,8.77,30.0,252.8,5,0.0,22.96,42
Divergent Ruthless Support,8.0,29.15,252.8,8,0.0,60.0,20
Divergent Puncture,10.0,21.25,252.8,1,0.0,89.83,13
Divergent Pestilent Strike,8.15,50.0,252.8,2,0.0,40.0,7
Divergent Sweep,9.85,20.63,252.8,4,0.0,30.0,19
Divergent Behead Support,8.46,35.0,252.8,7,0.0,39.71,37
Anomalous Generosity Support,10.0,40.0,252.8,4,0.0,60.0,39
Anomalous Flame Wall,8.0,17.1,252.8,8,0.0,33.8,39
Phantasmal Intensify Support,10.0,40.0,252.8,1,0.0,0.0,0
Divergent Split Arrow,5.0,19.54,252.8,12,0.0,30.0,45
Divergent Endurance Charge on Melee Stun Support,8.91,33.64,252.8,1,0.0,55.73,17
Anomalous Faster Projectiles Support,9.0,55.68,252.8,7,0.0,49.39,19
Anomalous Purity of Fire,5.0,24.73,252.8,5,0.0,39.04,26
Divergent Burning Damage Support,9.5,15.0,252.8,9,0.0,35.0,27
Anomalous Purity of Ice,9.0,19.0,252.8,17,0.0,30.0,22
Anomalous Onslaught Support,14.11,80.95,252.8,10,0.0,77.52,35
Anomalous Unbound Ailments Support,9.0,26.02,252.8,13,0.0,35.0,80
Divergent Herald of Ice,14.05,45.12,252.8,15,0.0,40.64,66
Divergent Armageddon Brand,10.0,0.0,252.8,1,0.0,26.57,9
Divergent Dominating Blow,6.23,33.67,252.8,4,0.0,65.94,10
Divergent Flesh and Stone,5.0,20.66,252.8,9,0.0,25.3,18
Anomalous Seismic Cry,9.0,18.11,252.8,2,0.0,21.97,10
Anomalous Shield Crush,5.0,15.0,252.8,15,0.0,35.24,26
Divergent Cobra Lash,9.57,15.0,252.8,9,0.0,30.0,30
Divergent Intuitive Link,5.0,89.93,252.8,1,0.0,76.24,16
Divergent Wintertide Brand,4.0,25.0,252.8,5,0.0,22.1,21
Phantasmal Animate Weapon,9.76,42.07,252.8,4,0.0,50.74,22
Divergent Flame Surge,8.0,19.47,252.8,9,0.0,25.0,34
Divergent Immolate Support,5.67,30.0,252.8,1,0.0,20.0,9
Divergent Glacial Hammer,6.55,21.98,252.8,7,51.27,38.0,58
Anomalous Bladefall,7.69,38.8,252.8,5,0.0,7.5,5
Divergent Searing Bond,6.62,22.65,252.8,3,0.0,24.89,24
Anomalous Blind Support,10.0,92.3,252.8,6,0.0,151.36,14
Divergent Tectonic Slam,10.0,43.61,252.8,2,0.0,48.31,7
Phantasmal Rain of Arrows,8.0,20.0,252.8,9,93.04,30.0,7
Divergent Unbound Ailments Support,6.55,15.0,252.8,3,0.0,24.0,27
Divergent Swift Affliction Support,19.0,100.0,252.8,4,0.0,126.02,22
Anomalous Lightning Warp,9.0,23.03,252.8,2,0.0,35.99,7
Divergent Blade Blast,8.85,55.0,252.8,1,0.0,100.0,3
Divergent Blade Trap,8.51,34.88,252.8,6,0.0,34.56,19
Phantasmal Wild Strike,8.71,20.3,252.8,6,0.0,59.74,19
Divergent Blood Rage,10.0,30.0,252.8,13,0.0,39.5,56
Divergent Soulrend,10.0,20.0,252.8,14,0.0,30.85,58
Anomalous Smite,9.0,30.0,252.8,12,200.0,50.0,48
Divergent Toxic Rain,6.56,19.45,252.8,9,0.0,50.0,18
Anomalous Melee Physical Damage Support,18.0,50.0,252.8,1,0.0,72.42,26
Divergent Decay Support,8.23,0.0,252.8,2,0.0,0.0,0
Divergent Rage Vortex,6.58,17.34,252.8,4,0.0,25.0,31
Anomalous Vengeance,14.55,232.75,252.8,4,0.0,69.68,22
Divergent Stormblast Mine,7.85,16.19,252.8,3,0.0,27.5,10
Divergent Tornado,9.0,28.2,252.8,8,0.0,54.53,36
Divergent Arcane Surge Support,65.0,60.0,252.8,23,0.0,80.0,67
Anomalous Ground Slam,8.0,39.95,252.8,4,758.4,40.54,12
Anomalous Charged Traps Support,8.75,35.81,252.8,11,0.0,44.77,20
Divergent Herald of Purity,9.0,17.6,252.8,14,0.0,40.0,44
Awakened Arrow Nova Support,20.0,100.0,252.8,40,0.0,0.0,0
Divergent Life Leech Support,8.64,47.16,252.8,1,0.0,46.07,21
Divergent Ice Shot,7.82,20.85,252.8,4,0.0,30.0,24
Awakened Ancestral Call Support,8.81,80.0,252.8,24,0.0,0.0,0
Divergent Eye of Winter,8.43,25.0,252.8,23,0.0,40.0,57
Anomalous Dark Pact,5.0,9.92,252.8,22,0.0,15.0,46
Divergent Despair,8.44,30.0,252.8,13,0.0,37.64,37
Divergent Lightning Tendrils,5.0,32.42,252.8,6,0.0,30.0,21
Anomalous Spectral Throw,5.0,9.64,252.8,9,138.35,30.05,10
Divergent Pinpoint Support,8.0,49.59,252.8,4,0.0,50.0,15
Anomalous Glacial Hammer,8.0,43.82,252.8,9,70.0,44.0,16
Anomalous Frost Wall,8.88,20.0,252.8,2,0.0,36.66,12
Anomalous Flame Link,4.98,30.62,252.8,1,0.0,45.0,4
Anomalous Added Fire Damage Support,5.28,24.38,252.8,3,0.0,64.36,6
Awakened Controlled Destruction Support,8.0,50.0,252.8,83,0.0,0.0,0
Anomalous Double Strike,5.0,30.0,252.8,10,252.8,37.57,25
Anomalous Ice Crash,5.0,19.3,252.8,4,0.0,37.04,9
Anomalous Wave of Conviction,10.0,18.92,252.8,11,0.0,30.0,26
Divergent Sniper's Mark,8.0,59.97,251.41,15,0.0,60.0,56
Divergent Essence Drain,9.49,69.27,251.06,6,0.0,50.0,14
Anomalous Bear Trap,18.0,80.0,249.84,18,0.0,100.0,70
Anomalous Plague Bearer,9.0,21.93,247.23,15,0.0,45.0,48
Anomalous Bloodthirst Support,10.0,35.85,246.63,11,0.0,40.54,68
Divergent Elemental Proliferation Support,19.0,38.93,245.71,4,0.0,97.37,29
Phantasmal Ancestral Warchief,5.68,30.0,242.98,15,185.63,33.28,44
Anomalous Creeping Frost,9.43,30.0,241.06,18,0.0,36.48,30
Divergent Slower Projectiles Support,8.31,31.78,240.0,4,0.0,63.04,12
Anomalous Blade Flurry,4.0,19.11,238.86,8,252.8,14.99,34
Anomalous Consecrated Path,10.0,20.0,238.14,7,0.0,45.0,79
Anomalous Meat Shield Support,7.59,30.0,237.48,8,0.0,45.0,26
Phantasmal Frenzy,9.0,26.87,236.21,11,0.0,38.13,35
Divergent Feeding Frenzy Support,8.0,27.25,235.69,14,0.0,31.39,51
Anomalous Fireball,14.06,38.36,234.08,25,95.0,90.0,82
Phantasmal Desecrate,84.78,94.9,232.6,6,0.0,100.0,37
Anomalous Clarity,19.23,40.0,231.16,16,86.6,50.0,48
Anomalous Wither,5.0,30.0,231.1,8,0.0,29.87,32
Anomalous Static Strike,9.0,19.4,230.75,7,0.0,23.57,39
Divergent Lacerate,3.54,20.61,230.56,3,0.0,28.6,13
Divergent Burning Arrow,5.0,20.0,230.53,5,70.4,28.6,11
Divergent Voltaxic Burst,5.0,10.38,230.25,6,0.0,40.0,34
Divergent Onslaught Support,8.0,20.46,230.05,6,0.0,34.44,29
Anomalous Volcanic Fissure,10.0,15.0,228.25,26,65.38,25.0,80
Divergent Additional Accuracy Support,14.22,30.0,227.65,21,0.0,95.06,44
Anomalous Bladestorm,10.0,29.0,224.13,3,0.0,70.0,38
Anomalous Ancestral Protector,9.2,27.17,223.61,6,0.0,30.0,22
Anomalous Arcane Cloak,9.0,19.0,223.61,6,0.0,25.97,21
Anomalous Intensify Support,9.61,60.46,222.55,8,0.0,79.92,18
Anomalous Hydrosphere,7.0,30.0,220.57,5,0.0,33.86,26
Divergent Petrified Blood,9.0,26.56,218.92,16,0.0,46.98,49
Divergent Cold Snap,5.0,22.11,218.28,6,66.36,30.0,27
Anomalous Lightning Trap,7.39,20.0,217.11,8,252.8,19.19,15
Phantasmal Intimidating Cry,10.0,20.84,216.85,12,0.0,36.5,36
Divergent Increased Critical Damage Support,9.05,17.1,216.47,21,0.0,40.0,24
Divergent Lightning Strike,7.0,20.0,216.38,10,136.13,40.0,29
Divergent Convocation,27.94,93.93,216.38,6,0.0,100.0,21
Anomalous Trap Support,5.61,30.0,216.04,9,0.0,39.13,37
Divergent Minion Life Support,7.76,25.0,215.49,6,0.0,20.0,35
Phantasmal Shrapnel Ballista,5.0,15.0,213.36,19,0.0,30.87,26
Phantasmal Void Sphere,8.0,18.65,213.26,6,0.0,51.87,28
Divergent Frost Bomb,13.52,65.0,212.61,13,0.0,70.0,64
Anomalous Archmage Support,10.0,33.98,211.46,3,0.0,52.96,13
Divergent Penance Brand,7.38,26.62,211.46,8,0.0,15.0,6
Divergent Desecrate,10.44,45.84,211.15,6,0.0,47.0,66
Anomalous Lightning Conduit,5.0,10.89,210.93,7,0.0,13.18,30
Divergent Blink Arrow,7.46,28.38,210.93,3,0.0,11.0,3
Divergent Elemental Hit,6.98,17.32,210.84,5,0.0,30.0,12
Anomalous Ignite Proliferation Support,7.32,14.32,210.61,6,0.0,31.01,22
Divergent Cast on Melee Kill Support,5.51,50.0,210.51,3,0.0,0.0,0
Anomalous Blastchain Mine Support,10.0,92.54,210.12,10,0.0,90.0,58
Divergent Temporal Rift,8.37,276.71,209.12,10,0.0,20.0,11
Phantasmal Scourge Arrow,6.51,14.71,208.79,11,0.0,20.0,12
Divergent Faster Projectiles Support,9.43,38.5,206.58,3,0.0,49.99,32
Anomalous Caustic Arrow,10.0,17.77,206.33,49,48.9,78.89,78
Anomalous Fire Trap,7.0,9.63,206.12,11,0.0,24.24,32
Anomalous Ancestral Warchief,10.0,50.0,205.64,8,451.59,50.0,34
Anomalous Cast while Channelling Support,10.0,22.79,205.28,5,0.0,24.25,21
Anomalous Hex Bloom Support,12.62,40.0,205.28,8,0.0,45.0,82
Phantasmal Ice Crash,9.0,24.52,205.28,3,0.0,25.61,32
Anomalous Point Blank Support,5.0,52.47,205.0,8,0.0,24.61,11
Divergent Icicle Mine,8.86,10.0,204.73,18,0.0,30.0,47
Anomalous Less Duration Support,9.0,37.72,203.12,13,0.0,108.09,33
Anomalous Dual Strike,8.0,22.48,202.24,3,0.0,25.47,24
Anomalous Cast On Critical Strike Support,15.0,37.7,201.91,19,0.0,45.0,53
Divergent Flammability,8.8,20.0,201.81,13,0.0,34.0,39
Anomalous Convocation,14.0,40.0,200.0,30,0.0,50.0,93
Divergent Lightning Spire Trap,10.0,14.78,200.0,4,0.0,24.72,29
Anomalous Stormblast Mine,4.82,30.0,200.0,3,0.0,43.93,24
Phantasmal Static Strike,8.74,20.39,200.0,12,0.0,28.09,61
Divergent Phase Run,8.0,50.0,198.05,6,0.0,40.0,21
Divergent Frostbolt,8.35,30.0,197.59,19,0.0,30.0,31
Divergent Smite,10.0,29.38,196.11,24,215.18,50.47,39
Divergent Damage on Full Life Support,5.0,30.0,194.23,11,0.0,26.61,17
Phantasmal Blade Blast,5.0,13.94,193.73,15,0.0,32.15,64
Divergent Bodyswap,7.23,52.11,192.66,4,0.0,38.15,25
Divergent Vile Toxins Support,8.0,27.09,188.9,4,0.0,37.98,22
Divergent Freezing Pulse,9.0,36.86,188.15,4,0.0,59.54,34
Phantasmal Siege Ballista,5.0,18.91,187.94,5,0.0,66.0,9
Anomalous Cold Snap,9.26,24.3,187.72,9,137.18,31.56,28
Divergent Ignite Proliferation Support,9.72,25.0,186.64,5,0.0,60.0,16
Anomalous Elemental Proliferation Support,9.0,20.0,186.08,10,0.0,25.0,63
Anomalous Dominating Blow,5.0,20.52,184.54,4,0.0,18.48,18
Anomalous Earthquake,6.8,50.0,183.31,6,252.8,38.33,26
Anomalous Fork Support,9.0,30.0,181.29,15,0.0,35.27,63
Phantasmal Lancing Steel,10.0,17.0,180.5,2,0.0,16.71,15
Anomalous Divine Ire,7.17,15.0,180.0,14,0.0,21.07,33
Anomalous Stormbind,10.0,32.12,180.0,5,0.0,59.63,36
Tempest Shield,7.0,15.0,180.0,183,0.0,20.0,138
Arrogance Support,13.64,14.0,180.0,213,0.0,20.09,201
Anomalous Lancing Steel,7.54,14.86,180.0,5,0.0,40.0,23
Sniper's Mark,9.78,9.0,178.66,363,0.0,20.0,276
Divergent Shrapnel Ballista,7.26,30.0,175.74,2,0.0,20.0,13
Berserk,4.0,20.0,175.28,246,0.0,20.0,205
Increased Critical Damage Support,14.0,8.0,175.0,461,0.0,21.54,470
Anomalous Whirling Blades,4.0,29.55,172.53,4,0.0,30.0,26
Divergent Added Chaos Damage Support,10.0,20.0,171.71,4,0.0,38.22,25
Phantasmal Blast Rain,10.0,44.34,171.71,4,0.0,53.06,11
Anomalous Cast when Damage Taken Support,100.0,107.6,171.21,39,0.0,140.0,85
Anomalous Alchemist's Mark,5.0,26.57,170.66,3,0.0,23.43,15
Anomalous Iron Will Support,9.0,0.0,170.46,3,0.0,40.0,23
Anomalous Seismic Trap,5.0,15.69,170.0,9,0.0,13.09,19
Herald of Ice,14.0,6.94,169.73,421,0.0,24.0,264
Purity of Ice,3.0,10.0,169.69,181,0.0,20.0,69
Arcane Surge Support,10.0,20.0,168.28,142,0.0,26.24,157
Divergent Generosity Support,9.0,22.0,167.73,10,0.0,27.8,53
Divergent Ice Nova,10.0,39.27,165.7,12,34.74,50.0,19
Anomalous General's Cry,6.03,14.95,164.85,8,0.0,37.58,17
Anomalous Storm Call,7.5,48.08,162.95,4,70.0,90.0,24
Divergent Blasphemy Support,14.98,44.56,162.03,4,0.0,39.4,32
Divergent Ensnaring Arrow,9.4,22.17,160.28,3,0.0,94.07,18
Anomalous Life Leech Support,5.0,28.1,160.28,3,0.0,33.65,12
Ice Spear,7.0,5.0,160.0,273,0.0,24.53,313
Impending Doom Support,10.0,3.84,160.0,379,0.0,25.0,242
Trap and Mine Damage Support,9.0,7.0,159.91,226,0.0,15.33,302
Vitality,10.0,10.0,157.38,130,0.0,19.0,178
Divergent Cast while Channelling Support,9.0,22.15,156.34,6,0.0,32.18,15
Divergent Elemental Damage with Attacks Support,17.76,30.48,155.5,5,0.0,31.24,21
Punishment,7.06,20.0,155.0,140,0.0,25.0,255
Anomalous Frenzy,10.0,32.06,154.11,7,0.0,41.85,65
Pinpoint Support,5.0,18.0,153.87,92,0.0,19.85,94
Anomalous Holy Flame Totem,9.9,54.29,153.0,2,0.0,37.55,15
Divergent Cast On Critical Strike Support,9.0,53.97,150.01,12,0.0,55.0,91
Anomalous Ensnaring Arrow,5.0,27.11,150.0,3,0.0,30.0,39
Grace,8.0,9.16,150.0,119,20.0,20.0,179
Defiance Banner,8.0,13.27,150.0,205,0.0,19.0,447
Greater Multiple Projectiles Support,15.0,28.02,150.0,162,0.0,30.0,265
Minefield Support,6.62,10.0,150.0,130,0.0,15.63,85
Item Rarity Support,5.0,18.0,150.0,141,0.0,21.1,126
Eye of Winter,2.2,11.51,150.0,183,0.0,20.0,66
Concentrated Effect Support,10.0,9.99,150.0,262,0.0,20.0,181
Cold to Fire Support,4.39,10.0,150.0,185,0.0,13.68,104
Anomalous Purifying Flame,18.89,30.0,150.0,3,0.0,40.0,24
Divergent Spell Totem Support,7.0,25.97,150.0,5,0.0,43.46,21
Hexblast,5.0,3.0,149.76,240,0.0,17.25,177
Anomalous Frozen Legion,5.0,19.7,149.21,15,0.0,12.58,30
Hatred,8.52,8.0,149.02,222,0.0,20.0,169
Anomalous Minion Speed Support,60.0,92.48,148.45,37,0.0,96.62,309
Storm Brand,4.0,8.55,146.64,162,0.0,15.42,58
Nightblade Support,5.0,10.0,145.44,147,0.0,12.0,177
Divergent Detonate Dead,5.0,18.03,145.17,29,294.17,28.56,28
Determination,10.0,5.0,145.0,233,0.0,20.0,270
Energy Leech Support,9.53,5.0,144.61,156,0.0,21.14,103
Anomalous Summon Holy Relic,8.0,18.57,143.84,14,0.0,20.0,38
Greater Volley Support,5.0,19.87,142.46,68,0.0,25.0,74
Arc,5.0,10.0,141.08,131,15.2,25.0,158
Divergent Wave of Conviction,13.0,35.0,141.02,7,0.0,45.0,43
Anomalous Fire Penetration Support,5.0,20.0,141.0,8,0.0,24.0,21
Ruthless Support,9.0,13.0,140.0,161,0.0,20.0,104
Herald of Ash,8.25,10.0,140.0,264,0.0,18.13,227
Lifetap Support,8.74,10.0,140.0,226,0.0,13.59,521
Freezing Pulse,4.97,20.0,140.0,186,0.0,28.0,105
Zealotry,4.0,12.0,140.0,181,0.0,15.0,224
Fire Trap,5.0,4.0,140.0,294,0.0,19.16,166
Divergent Second Wind Support,9.11,36.96,137.78,3,0.0,41.03,21
Anomalous Blade Vortex,200.0,34.06,135.42,30,200.0,0.0,0
Anger,4.0,9.0,135.28,119,0.0,15.0,101
Divergent Ancestral Call Support,15.48,37.9,134.66,8,0.0,32.45,31
Anomalous Spectral Shield Throw,8.0,9.97,134.39,10,0.0,20.0,27
Trinity Support,9.0,10.0,134.0,244,0.0,19.63,245
Divergent Unearth,6.8,20.3,133.28,4,0.0,33.21,27
Divergent Bear Trap,7.9,22.12,133.16,5,0.0,33.79,29
Efficacy Support,8.0,10.0,132.68,192,0.0,12.0,466
Tornado Shot,6.87,9.99,131.12,242,0.0,30.0,129
Pulverise Support,8.0,10.0,130.99,95,0.0,18.0,51
Anomalous Explosive Trap,5.0,9.58,130.42,14,0.0,11.74,35
Hypothermia Support,7.63,10.0,130.0,168,0.0,19.0,234
Focused Ballista Support,4.85,14.0,130.0,149,0.0,20.0,222
Increased Critical Strikes Support,10.0,10.0,130.0,325,0.0,19.0,488
Less Duration Support,10.0,18.97,130.0,115,0.0,37.69,117
Multiple Totems Support,11.0,20.0,130.0,145,0.0,25.0,250
Herald of Thunder,5.0,5.0,130.0,284,0.0,19.82,102
Blood Rage,8.0,22.16,128.74,171,0.0,25.0,285
Divergent Sigil of Power,5.0,40.0,127.5,8,0.0,40.0,25
Multistrike Support,10.0,15.0,126.08,197,0.0,20.0,357
Righteous Fire,8.0,4.0,126.02,538,9.0,24.0,413
Phantasmal Flameblast,7.32,23.24,125.97,7,244.31,24.5,22
Malevolence,6.91,9.17,125.83,193,0.0,14.06,262
Anomalous Elemental Damage with Attacks Support,5.0,20.0,125.57,7,0.0,28.48,29
Anomalous Infernal Legion Support,10.0,20.0,125.33,3,0.0,20.26,35
Ice Bite Support,5.0,5.0,125.0,156,0.0,15.0,93
Increased Duration Support,12.0,21.52,125.0,189,0.0,24.26,543
Anomalous Decay Support,8.08,20.0,124.39,8,0.0,35.28,28
Divergent Ethereal Knives,6.9,15.05,124.0,6,0.0,41.41,31
Divergent Added Lightning Damage Support,9.0,28.1,123.27,10,0.0,30.0,35
Anomalous Lightning Strike,15.0,37.2,121.88,21,815.73,89.44,28
Mark On Hit Support,10.0,20.0,121.84,135,0.0,25.0,361
Mirage Archer Support,5.0,17.05,121.8,103,0.0,24.0,106
Anomalous Chance to Bleed Support,8.0,17.52,121.12,8,0.0,22.17,6
Power Charge On Critical Support,10.0,20.0,120.0,225,0.0,24.0,524
Minion Life Support,7.77,20.0,120.0,109,0.0,20.97,264
Manabond,3.0,10.0,120.0,167,0.0,15.0,24
Divergent Intimidating Cry,7.29,19.06,120.0,1,0.0,40.61,9
Raise Spectre,4.0,8.0,120.0,160,0.0,14.0,205
Elemental Weakness,14.96,10.0,119.24,306,0.0,20.0,261
Divergent Orb of Storms,7.67,20.0,116.47,13,0.0,26.45,14
Anomalous Unleash Support,9.0,25.0,115.68,21,0.0,27.52,58
Divergent Splitting Steel,5.0,15.0,115.28,7,0.0,14.56,31
Petrified Blood,5.0,14.49,115.0,252,0.0,25.0,183
Anomalous Eternal Blessing Support,6.81,30.0,112.69,13,0.0,60.62,27
Anomalous Wild Strike,5.3,36.97,111.88,6,0.0,19.18,27
Anomalous Swiftbrand Support,10.0,32.55,111.65,4,0.0,103.87,6
Fortify Support,4.0,15.0,110.3,67,0.0,24.64,179
Precision,8.0,20.0,110.02,207,0.0,26.02,145
Exsanguinate,2.98,4.22,110.0,251,0.0,14.53,105
Divergent Viper Strike,3.64,19.77,110.0,6,0.0,20.0,28
Damage on Full Life Support,5.0,10.0,110.0,74,0.0,19.92,123
Anomalous Elemental Focus Support,6.21,20.0,108.57,20,0.0,20.0,51
Anomalous Bone Offering,5.0,24.17,107.9,11,0.0,21.23,33
Anomalous Swift Assembly Support,5.0,29.85,107.72,6,0.0,51.32,21
Anomalous Swift Affliction Support,7.06,8.8,107.39,7,0.0,19.49,37
Anomalous Burning Arrow,4.0,19.3,106.28,5,100.0,35.02,11
Purity of Fire,3.0,10.0,106.23,195,0.0,20.0,68
Divergent Charged Dash,8.0,35.11,106.08,4,0.0,40.0,14
Impale Support,5.0,20.0,105.87,123,0.0,22.82,102
Anomalous Elemental Army Support,6.83,21.31,105.73,9,0.0,30.0,41
Kinetic Blast,3.0,8.0,105.7,172,0.0,10.0,91
Anomalous Minion Damage Support,9.0,16.2,105.43,21,0.0,15.13,33
Reap,4.0,5.0,105.41,240,0.0,12.0,348
Divergent Cremation,9.0,20.0,104.38,6,0.0,38.41,15
Divergent Leap Slam,5.58,35.0,103.98,3,0.0,36.75,36
Spell Echo Support,13.73,20.0,103.35,154,0.0,25.0,238
Anomalous Void Manipulation Support,9.33,25.0,102.32,18,0.0,30.0,66
Anomalous Siphoning Trap,8.78,24.22,101.84,5,0.0,40.0,10
Divergent Faster Casting Support,8.0,33.04,101.5,5,0.0,40.0,29
Ballista Totem Support,9.0,19.0,101.48,192,0.0,20.0,188
Despair,7.7,20.0,101.4,218,0.0,20.0,335
Anomalous Contagion,4.68,13.68,101.28,7,0.0,13.93,26
Divergent Cast when Stunned Support,10.0,49.75,100.72,6,0.0,69.16,42
Anomalous Rejuvenation Totem,7.37,37.76,100.0,2,0.0,39.57,22
Creeping Frost,4.0,20.0,100.0,200,0.0,29.73,99
Explosive Arrow,4.0,3.0,100.0,344,0.0,17.0,297
Spell Cascade Support,10.0,21.67,100.0,128,0.0,25.0,398
Divergent Fork Support,12.13,20.0,100.0,2,0.0,252.8,20
Toxic Rain,4.0,4.0,100.0,186,0.0,15.0,104
Herald of Purity,5.0,10.0,100.0,220,0.0,15.0,156
Withering Touch Support,10.0,19.0,100.0,179,0.0,20.0,270
Cyclone,5.0,14.57,100.0,228,5.0,19.58,129
Inspiration Support,13.16,20.0,100.0,213,0.0,26.53,497
Summon Skitterbots,5.0,18.87,100.0,144,0.0,20.0,321
Divergent Blight,7.01,46.74,100.0,7,131.63,21.88,22
Divergent Increased Area of Effect Support,9.0,39.47,100.0,15,0.0,64.86,58
Divergent Vulnerability,8.57,22.06,100.0,8,0.0,25.0,13
Divergent Fire Penetration Support,8.18,40.0,100.0,1,0.0,26.48,8
Anomalous Intimidating Cry,10.0,36.29,100.0,2,0.0,40.0,34
Divine Blessing Support,10.0,25.0,100.0,210,0.0,29.0,412
Anomalous Purity of Lightning,5.0,17.98,100.0,11,0.0,20.0,25
Divergent Summon Stone Golem,5.0,19.59,100.0,1,0.0,20.0,17
Divergent Knockback Support,8.0,0.0,100.0,1,0.0,76.16,13
Cruelty Support,7.0,20.23,100.0,167,0.0,24.74,161
Divergent Protective Link,8.8,53.1,100.0,1,0.0,20.38,11
Anomalous Smoke Mine,7.0,29.77,100.0,10,0.0,29.66,32
Second Wind Support,8.0,29.0,99.76,85,0.0,27.0,158
Anomalous Incinerate,5.0,14.3,99.66,8,0.0,16.62,19
Divergent Ground Slam,9.56,18.93,99.66,3,362.52,39.42,11
Temporal Chains,4.0,19.44,99.59,216,0.0,20.0,188
Cast when Damage Taken Support,14.92,25.0,99.2,171,0.0,28.56,371
Summon Raging Spirit,3.0,3.0,99.0,384,0.0,12.0,409
Anomalous Summon Ice Golem,15.0,65.0,98.84,10,0.0,70.0,98
Divergent Ancestral Cry,9.0,40.0,96.5,4,0.0,40.0,36
Predator Support,4.0,20.0,96.28,110,0.0,20.0,90
Divergent Kinetic Bolt,5.0,15.0,95.8,14,0.0,15.49,45
Purity of Elements,5.0,19.0,95.5,143,0.0,20.0,172
Meat Shield Support,7.0,20.0,95.0,105,0.0,24.0,197
Frostbite,3.87,14.0,95.0,210,0.0,20.0,166
Spark,8.0,5.0,95.0,331,7.0,18.73,264
Charged Traps Support,4.0,25.0,93.76,177,0.0,29.08,118
Barrage Support,4.0,17.35,93.6,125,0.0,20.0,125
Pierce Support,5.74,19.79,91.76,64,0.0,20.0,121
Anomalous Summon Flame Golem,15.04,50.0,91.24,17,0.0,55.0,77
Flame Dash,10.0,25.0,90.0,150,0.0,26.0,414
Close Combat Support,7.0,8.88,90.0,162,0.0,18.46,121
Intensify Support,4.0,14.0,90.0,71,0.0,16.35,82
Anomalous Soulrend,5.28,22.27,90.0,4,0.0,28.02,21
Faster Projectiles Support,4.0,19.0,90.0,102,0.0,20.0,183
Shockwave Support,4.0,9.66,89.55,151,0.0,16.64,70
Anomalous Venom Gyre,9.4,30.0,88.78,59,100.0,40.0,85
Divergent Spectral Helix,5.0,11.13,87.93,9,0.0,29.39,31
Phantasmal Seismic Trap,10.0,7.0,86.0,16,0.0,12.95,21
Faster Casting Support,8.0,25.0,85.94,108,0.0,25.0,265
Flammability,3.0,10.0,84.9,176,0.0,10.0,403
Eternal Blessing Support,5.0,23.94,83.75,114,0.0,30.06,160
Steelskin,4.0,20.0,83.25,103,0.0,29.28,128
Divergent Melee Physical Damage Support,5.03,19.44,82.5,11,0.0,30.0,23
Phantasmal Summon Skeletons,10.0,20.0,80.83,27,137.22,35.0,36
Divergent Flamethrower Trap,5.0,15.0,80.0,4,0.0,42.65,24
Anomalous Earthbreaker Support,9.35,38.76,80.0,1,0.0,45.18,22
Combustion Support,5.0,13.44,80.0,131,0.0,15.0,340
Assassin's Mark,5.0,24.0,80.0,180,0.0,25.0,373
Anomalous Bane,5.0,15.0,80.0,17,0.0,10.0,53
Faster Attacks Support,18.0,27.56,80.0,154,0.0,28.0,462
Divergent Flame Link,5.23,18.46,80.0,3,0.0,89.7,12
Culling Strike Support,9.0,28.36,79.51,81,0.0,27.52,131
Divergent Spectral Shield Throw,5.03,18.64,78.96,17,0.0,20.0,35
Divergent Controlled Destruction Support,9.0,21.43,78.73,5,0.0,30.0,26
Divergent Cluster Traps Support,5.0,13.48,78.68,4,0.0,39.85,40
Anomalous Blight,5.28,17.0,78.57,8,93.24,27.4,16
Bonechill Support,7.93,25.0,78.08,134,0.0,25.0,205
Fireball,5.0,10.0,76.99,115,10.0,21.93,470
Divergent Reave,4.18,24.36,76.44,2,70.0,20.0,26
Divergent Destructive Link,5.55,20.0,75.45,8,0.0,36.54,24
Charged Mines Support,5.0,19.0,75.0,135,0.0,19.51,191
Anomalous Spellslinger,4.37,18.47,75.0,6,0.0,20.87,23
Anomalous Brutality Support,7.45,17.0,75.0,3,0.0,22.73,14
Swift Assembly Support,5.0,20.0,75.0,210,0.0,25.0,146
Infused Channelling Support,4.51,16.59,73.1,107,0.0,20.7,69
Battlemage's Cry,2.0,18.56,72.83,168,0.0,19.0,122
Divergent Cleave,9.08,34.42,72.64,18,359.15,35.0,33
Divergent Iron Will Support,5.45,21.0,72.11,4,0.0,21.97,20
Anomalous Unearth,6.84,38.22,72.11,3,0.0,34.3,13
Anomalous Armageddon Brand,5.0,11.02,71.45,19,0.0,20.0,37
Phantasmal Puncture,5.0,13.08,71.04,4,0.0,15.04,16
Anomalous Wintertide Brand,5.76,17.62,70.28,4,0.0,38.65,16
Pride,4.33,9.02,70.0,178,0.0,13.49,201
High-Impact Mine Support,7.11,23.0,70.0,146,0.0,25.0,192
Arcane Cloak,2.0,17.69,70.0,143,0.0,16.76,63
Feeding Frenzy Support,5.0,20.0,70.0,113,0.0,25.0,149
Ethereal Knives,3.0,5.0,70.0,374,0.0,12.33,165
Raise Zombie,3.0,7.0,70.0,120,0.0,10.0,151
Purity of Lightning,2.0,10.0,69.57,145,0.0,14.51,67
Winter Orb,2.0,9.78,69.1,133,0.0,9.64,70
Forbidden Rite,3.0,10.0,68.74,157,0.0,18.57,77
Divergent Storm Rain,5.0,12.55,68.57,6,0.0,30.0,24
Phase Run,5.0,24.0,66.74,138,0.0,25.0,351
Divergent Caustic Arrow,5.0,24.24,66.36,15,100.0,30.0,33
Divergent Hydrosphere,10.0,37.35,65.15,10,0.0,33.76,50
Increased Area of Effect Support,5.0,18.0,65.0,169,0.0,20.0,291
Divergent Physical to Lightning Support,9.29,0.0,65.0,1,0.0,0.0,0
Vortex,5.0,10.0,65.0,334,0.0,15.0,263
Anomalous Artillery Ballista,4.04,18.39,63.38,11,0.0,9.21,26
War Banner,2.34,14.76,62.86,139,0.0,20.0,80
Divergent Fist of War Support,10.0,47.71,61.28,2,0.0,129.02,25
Animate Guardian,3.0,10.0,61.2,238,0.0,14.0,372
Anomalous Barrage,5.0,19.5,60.42,7,0.0,31.82,21
Divergent Void Sphere,10.0,379.2,60.0,2,0.0,0.0,0
Seismic Trap,2.0,2.0,60.0,431,0.0,9.03,244
Anomalous Ambush,7.3,18.58,59.47,6,0.0,17.42,43
Wrath,7.0,10.0,57.5,185,0.0,20.0,84
Phantasmal Vigilant Strike,5.0,25.94,55.97,3,0.0,17.52,12
Corrupting Fever,2.07,4.0,54.0,276,0.0,10.0,86
Divergent Scorching Ray,9.0,20.0,53.96,4,0.0,48.82,8
Discipline,5.0,9.0,52.6,180,40.0,24.24,256
Anomalous Rallying Cry,6.58,12.19,51.99,4,0.0,30.0,17
Frost Blades,2.0,5.0,51.46,111,0.0,13.48,39
Phantasmal Shattering Steel,5.0,13.14,50.9,3,0.0,8.27,11
Divergent Blade Vortex,8.0,20.0,50.89,23,206.4,38.35,34
Divergent Earthshatter,8.79,20.0,50.79,8,0.0,19.43,47
Divergent Infernal Blow,5.0,39.24,50.0,1,0.0,30.0,21
Unleash Support,6.0,20.0,50.0,178,0.0,22.6,286
Rage Support,3.0,18.16,50.0,78,0.0,18.45,75
Anomalous Summon Chaos Golem,15.0,22.5,50.0,7,0.0,32.94,77
Divergent Flameblast,9.0,39.49,50.0,9,252.8,43.89,28
Anomalous Blink Arrow,8.48,46.48,50.0,5,0.0,59.38,20
Lightning Conduit,2.0,4.0,50.0,146,0.0,9.0,107
Enduring Cry,4.0,26.19,50.0,125,0.0,29.58,95
Frostblink,4.0,20.98,50.0,115,0.0,25.0,125
Animate Weapon,2.0,6.3,50.0,153,0.0,10.0,157
Phantasmal Blade Vortex,5.0,29.4,50.0,18,28.77,40.0,46
Enfeeble,4.0,20.0,50.0,145,0.0,26.84,148
Summon Phantasm Support,3.0,9.11,49.66,70,0.0,9.62,86
Energy Blade,3.0,11.5,49.39,112,0.0,12.0,54
General's Cry,3.0,10.0,49.34,176,0.0,10.0,86
Anomalous Summon Carrion Golem,10.0,27.06,48.0,9,0.0,35.0,64
Divergent Vicious Projectiles Support,7.0,15.0,47.96,3,0.0,21.5,11
Divergent Summon Carrion Golem,8.46,20.0,46.5,7,0.0,18.65,35
Volley Support,4.0,15.45,45.85,63,0.0,18.86,68
Anomalous Chain Hook,5.94,35.45,45.5,2,0.0,72.07,10
Maim Support,4.0,16.61,45.0,90,0.0,20.0,141
Arcanist Brand,5.0,20.0,45.0,107,0.0,25.0,302
Slower Projectiles Support,3.0,24.0,45.0,65,0.0,22.56,62
Spell Totem Support,5.0,21.25,45.0,97,0.0,25.0,128
Discharge,3.0,5.0,44.09,206,0.0,7.78,41
Ice Trap,3.0,3.0,43.39,166,0.0,9.14,96
Physical to Lightning Support,3.7,14.43,40.88,46,0.0,16.85,61
Divergent Hextouch Support,5.0,25.12,40.0,2,0.0,32.4,30
Molten Shell,10.0,10.0,40.0,293,75.0,19.0,292
Shockwave Totem,3.0,5.0,40.0,259,0.0,16.22,201
Frostbolt,2.0,19.15,40.0,110,0.0,20.0,105
Divergent Lesser Multiple Projectiles Support,8.51,40.0,40.0,2,0.0,80.0,17
Summon Stone Golem,3.0,10.0,40.0,227,0.0,12.75,283
Shield Charge,10.0,23.0,40.0,167,0.0,25.56,316
Bloodthirst Support,3.0,12.0,40.0,116,0.0,18.88,106
Advanced Traps Support,3.0,15.0,40.0,170,0.0,15.2,121
Void Manipulation Support,8.0,15.0,39.46,340,0.0,17.0,569
Summon Carrion Golem,2.0,5.0,39.0,266,0.0,8.0,144
Explosive Trap,3.0,3.0,38.0,329,0.0,11.6,84
Divergent Critical Strike Affliction Support,8.0,22.54,37.96,7,0.0,23.04,18
Ignite Proliferation Support,4.0,9.59,36.0,190,0.0,10.0,343
Flicker Strike,3.0,8.0,35.0,212,30.0,15.0,148
Dread Banner,3.0,15.21,35.0,164,0.0,19.0,137
Fork Support,4.0,16.67,35.0,220,0.0,19.0,279
Dash,4.0,20.05,35.0,128,0.0,24.99,106
Chain Support,4.0,15.05,34.39,113,0.0,20.0,230
Ice Shot,2.0,7.46,34.24,126,0.0,15.0,42
Haste,8.44,8.0,33.02,237,95.0,24.48,126
Mana Leech Support,3.0,15.57,32.68,54,0.0,19.78,16
Blastchain Mine Support,3.0,9.0,32.64,158,0.0,10.0,224
Minion Speed Support,3.0,15.0,32.24,84,0.0,13.32,165
Trap Support,3.0,17.09,30.0,150,0.0,19.0,115
Unbound Ailments Support,8.0,13.0,30.0,472,0.0,15.0,856
Blade Flurry,3.0,8.0,30.0,206,10.0,8.57,62
Lightning Warp,3.0,20.0,30.0,196,0.0,25.0,71
Cold Snap,4.0,5.0,30.0,159,29.12,10.0,87
Wave of Conviction,4.0,6.54,30.0,243,0.0,10.0,159
Ancestral Protector,4.0,15.73,30.0,107,0.0,19.0,184
Swiftbrand Support,2.0,25.0,30.0,109,0.0,26.03,46
Whirling Blades,4.66,24.38,30.0,128,0.0,25.87,150
Ice Crash,2.0,10.0,30.0,103,0.0,15.0,25
Ice Nova,3.0,10.0,30.0,182,12.04,14.78,33
Anomalous Blasphemy Support,5.0,17.85,29.97,4,0.0,24.51,33
Wither,3.0,25.0,29.87,183,0.0,25.0,88
Bane,3.0,3.05,29.0,367,0.0,5.0,175
Elemental Focus Support,8.0,10.0,28.55,359,0.0,13.0,558
Additional Accuracy Support,3.0,20.28,28.48,87,0.0,28.02,42
Cold Penetration Support,4.63,10.13,28.26,97,0.0,14.96,176
Arctic Armour,3.0,20.0,27.45,116,0.0,19.94,83
Clarity,5.0,20.0,27.35,70,30.95,20.0,49
Cluster Traps Support,3.0,15.0,27.0,173,0.0,17.0,147
Plague Bearer,3.0,9.0,25.69,263,0.0,10.0,142
Bone Offering,3.0,16.89,25.0,170,0.0,20.0,290
Shock Nova,2.0,9.0,25.0,86,0.0,10.0,40
Elemental Hit,8.0,5.0,25.0,212,0.0,15.85,57
Cast On Critical Strike Support,5.0,17.85,25.0,126,0.0,20.0,138
Hydrosphere,4.0,15.0,25.0,187,0.0,18.78,113
Conductivity,3.0,18.0,25.0,161,0.0,20.0,79
Brutality Support,5.0,9.34,25.0,176,0.0,9.0,350
Elemental Damage with Attacks Support,7.36,10.0,25.0,362,0.0,12.09,886
Withering Step,4.0,10.0,25.0,217,0.0,14.0,349
Frost Shield,3.0,19.0,24.84,185,0.0,20.0,99
Firestorm,3.0,12.36,24.75,94,0.0,13.0,55
Life Gain on Hit Support,5.0,19.0,24.06,85,0.0,20.78,53
Phantasmal Lightning Strike,5.0,20.35,23.94,14,252.8,22.3,23
Sigil of Power,3.0,14.0,22.9,130,0.0,19.0,76
Vile Toxins Support,2.0,13.13,21.79,79,0.0,8.72,46
Onslaught Support,3.0,15.0,20.81,75,0.0,16.3,74
Anomalous Riposte,6.78,19.07,20.59,6,0.0,39.2,36
Rejuvenation Totem,2.0,14.47,20.32,88,0.0,19.88,40
Melee Splash Support,5.0,10.0,20.0,159,0.0,11.0,313
Swift Affliction Support,6.0,10.0,20.0,462,0.0,10.0,786
Flame Wall,4.0,10.0,20.0,124,0.0,10.0,104
Infernal Cry,3.0,12.08,20.0,177,0.0,15.0,147
Fist of War Support,2.0,14.29,20.0,32,0.0,20.0,28
Divine Ire,3.0,5.27,20.0,110,0.0,7.57,59
Overcharge Support,3.56,19.0,20.0,65,0.0,19.04,25
Chance to Poison Support,4.0,10.0,20.0,108,0.0,14.0,90
Tornado,4.0,11.93,20.0,154,0.0,15.0,131
Power Siphon,3.0,8.38,20.0,175,7.79,10.0,99
Blink Arrow,3.0,17.08,20.0,104,0.0,15.0,66
Blasphemy Support,4.0,14.99,20.0,164,0.0,15.0,308
Boneshatter,2.97,2.74,20.0,201,0.0,8.27,126
Frenzy,3.0,14.0,20.0,128,0.0,15.0,187
Cast while Channelling Support,3.7,20.0,20.0,143,0.0,15.0,92
Leap Slam,3.0,23.52,20.0,83,0.0,20.27,67
Ancestral Warchief,3.0,15.0,20.0,141,100.0,17.0,77
Caustic Arrow,3.0,3.0,20.0,444,20.0,24.0,415
Behead Support,2.0,10.76,20.0,72,0.0,14.58,101
Lightning Arrow,3.0,7.98,19.88,127,0.0,10.0,102
Flesh Offering,3.0,10.99,19.87,190,0.0,12.0,181
Burning Damage Support,5.0,5.0,19.77,537,0.0,6.16,815
Flame Surge,4.0,10.0,19.65,185,0.0,14.0,146
Lightning Tendrils,2.96,5.0,19.6,186,0.0,9.15,36
Barrage,2.29,9.18,19.41,174,0.0,14.01,86
Desecrate,4.85,11.12,19.32,212,0.0,19.0,186
Added Chaos Damage Support,4.0,10.0,19.28,128,0.0,9.63,160
Convocation,3.0,14.58,19.13,221,0.0,16.97,179
Frost Bomb,3.0,12.98,19.02,98,0.0,15.0,84
Static Strike,3.0,15.14,19.0,91,0.0,18.35,51
Elemental Army Support,3.0,16.96,19.0,120,0.0,18.0,63
Soulrend,2.11,5.0,19.0,317,0.0,10.0,81
Melee Physical Damage Support,5.0,8.05,19.0,167,0.0,10.0,354
Bladefall,2.0,7.58,19.0,97,0.0,8.91,50
Deadly Ailments Support,4.0,10.0,19.0,445,0.0,10.0,577
Immolate Support,3.59,10.0,19.0,132,0.0,10.0,88
Generosity Support,4.0,14.0,19.0,245,0.0,15.0,289
Added Cold Damage Support,5.0,9.99,18.97,237,0.0,10.0,348
Glacial Hammer,3.0,7.16,18.61,105,13.5,5.0,39
Fire Penetration Support,3.75,7.68,18.0,138,0.0,10.0,137
Soul Link,2.0,8.73,18.0,120,0.0,15.0,40
Essence Drain,2.0,2.0,18.0,294,0.0,5.0,101
Divergent Summon Lightning Golem,8.0,20.0,18.0,2,0.0,25.0,22
Immortal Call,7.79,11.3,17.91,175,0.0,20.0,69
Galvanic Field,2.0,4.1,17.67,130,0.0,5.8,60
Split Arrow,2.0,5.0,17.36,129,0.0,6.0,37
Summon Lightning Golem,3.0,12.0,16.9,145,0.0,14.78,118
Herald of Agony,3.0,10.0,16.82,221,0.0,10.0,168
Poisonous Concoction,2.0,3.0,16.6,355,0.0,4.0,170
Volatile Dead,3.0,8.0,16.31,175,0.0,10.0,58
Infernal Legion Support,3.0,12.98,16.0,151,0.0,12.0,62
Icicle Mine,3.0,5.0,15.65,139,0.0,14.0,63
Blazing Salvo,3.0,5.0,15.0,131,0.0,6.92,71
Ball Lightning,2.0,8.89,15.0,152,0.0,10.0,73
Shield Crush,2.0,4.0,15.0,163,0.0,5.0,76
Decoy Totem,3.0,15.0,15.0,91,0.0,19.0,35
Blade Trap,2.0,11.19,15.0,224,0.0,11.48,77
Hextouch Support,4.0,14.0,15.0,154,0.0,14.99,228
Temporal Rift,2.95,9.34,15.0,125,0.0,11.73,53
Lesser Multiple Projectiles Support,3.0,5.0,15.0,80,0.0,9.0,117
Smite,4.44,10.0,15.0,153,30.0,19.0,185
Crackling Lance,4.0,7.61,15.0,122,0.0,6.53,49
Flesh and Stone,2.0,10.0,15.0,190,0.0,10.01,94
Archmage Support,3.0,7.86,15.0,93,0.0,10.22,40
Arrow Nova Support,2.94,10.0,15.0,146,0.0,11.26,77
Cast on Death Support,3.0,13.0,15.0,86,0.0,14.5,73
Armageddon Brand,2.0,5.0,14.79,159,0.0,5.0,82
Poacher's Mark,3.0,10.0,14.47,166,0.0,10.0,82
Earthbreaker Support,3.0,10.0,14.08,88,0.0,9.51,59
Blade Blast,2.0,5.0,14.07,163,0.0,5.41,57
Endurance Charge on Melee Stun Support,3.0,10.0,14.0,62,0.0,15.0,28
Absolution,3.0,3.0,14.0,210,0.0,5.0,117
Lightning Penetration Support,3.23,9.88,14.0,174,0.0,10.0,149
Bear Trap,2.0,8.75,14.0,154,0.0,14.0,59
Searing Bond,3.0,17.63,14.0,83,0.0,13.02,19
Added Lightning Damage Support,5.0,6.06,13.96,159,0.0,8.0,243
Minion Damage Support,5.0,7.0,13.93,322,0.0,8.0,455
Blind Support,3.0,9.0,13.56,55,0.0,8.08,27
Frost Wall,3.0,15.0,13.24,69,0.0,18.05,20
Innervate Support,2.0,9.18,13.13,104,0.0,10.0,58
Cursed Ground Support,3.0,15.0,13.08,69,0.0,14.05,45
Lancing Steel,2.0,5.0,12.19,99,0.0,5.0,35
Puncture,2.0,5.0,12.16,161,0.0,5.0,54
Divergent Summon Flame Golem,7.66,12.98,12.01,5,0.0,11.62,20
Controlled Destruction Support,4.0,6.86,12.0,298,0.0,8.0,418
Hex Bloom Support,3.0,10.0,12.0,134,0.0,10.0,94
Summon Ice Golem,2.0,9.45,11.72,144,0.0,10.0,79
Ancestral Cry,2.0,8.13,11.39,164,0.0,9.0,69
Ancestral Call Support,5.0,9.89,11.27,83,0.0,10.0,64
Summon Skeletons,10.0,3.0,10.83,236,20.0,20.0,193
Glacial Cascade,2.0,15.0,10.15,104,0.0,18.0,35
Lightning Trap,2.89,2.82,10.0,180,9.53,8.86,42
Divergent Perforate,8.78,19.0,10.0,1,0.0,95.55,20
Life Leech Support,2.0,8.54,10.0,78,0.0,9.61,30
Rage Vortex,2.0,5.0,10.0,215,0.0,7.56,61
Explosive Concoction,3.0,4.0,10.0,144,0.0,5.0,57
Summon Reaper,2.0,4.0,10.0,177,0.0,6.0,49
Critical Strike Affliction Support,3.0,5.15,10.0,92,0.0,8.0,71
Rolling Magma,3.0,5.0,10.0,107,0.0,5.0,41
Reave,2.0,8.24,10.0,92,20.0,10.97,38
Molten Strike,4.0,5.0,10.0,131,15.0,9.07,51
Spellslinger,2.0,5.0,10.0,157,0.0,5.0,58
Purifying Flame,3.0,7.41,10.0,142,0.0,10.0,81
Spirit Offering,2.0,9.34,10.0,179,0.0,10.0,83
Wintertide Brand,2.0,4.24,10.0,214,0.0,5.0,56
Incinerate,3.0,6.47,10.0,131,0.0,5.0,45
Frozen Legion,2.0,5.82,10.0,120,0.0,7.17,99
Lacerate,2.0,4.0,10.0,108,0.0,9.18,48
Vulnerability,2.0,8.0,10.0,199,0.0,9.0,86
Blade Vortex,5.0,3.15,10.0,516,20.0,27.43,863
Storm Burst,2.0,4.35,10.0,149,0.0,7.61,47
Holy Flame Totem,3.0,6.83,10.0,180,0.0,5.0,70
Dark Pact,2.0,3.52,10.0,167,0.0,4.33,88
Wild Strike,5.0,2.62,10.0,105,0.0,10.0,45
Iron Grip Support,3.0,10.0,10.0,90,0.0,3.0,33
Sunder,2.0,3.41,10.0,96,0.0,4.24,41
Double Strike,2.0,4.32,10.0,139,35.0,6.64,27
Summon Chaos Golem,3.0,8.0,10.0,178,0.0,10.0,112
Storm Call,2.0,11.09,10.0,153,14.68,5.7,39
Knockback Support,2.0,11.19,10.0,63,0.0,10.0,30
Vicious Projectiles Support,4.0,9.0,10.0,214,0.0,10.0,355
Added Fire Damage Support,4.0,7.0,10.0,137,0.0,9.11,163
Orb of Storms,3.0,4.0,10.0,135,0.0,8.0,80
Tectonic Slam,3.0,5.0,10.0,101,0.0,5.0,49
Summon Flame Golem,3.0,9.99,10.0,139,0.0,8.62,84
Sweep,2.0,4.43,10.0,142,0.0,5.18,27
Elemental Proliferation Support,3.0,4.0,10.0,182,0.0,5.0,212
Devouring Totem,2.56,7.0,10.0,46,0.0,9.2,7
Consecrated Path,3.0,5.0,9.93,167,0.0,5.81,56
Perforate,2.0,4.55,9.9,113,0.0,5.0,34
Chance to Bleed Support,3.0,4.43,9.74,67,0.0,7.0,61
Blast Rain,3.0,7.19,9.74,122,0.0,5.0,55
Summon Holy Relic,2.0,5.0,9.68,152,0.0,4.0,70
Siege Ballista,2.0,5.0,9.52,149,0.0,5.0,60
Artillery Ballista,3.0,4.95,9.34,178,0.0,4.0,123
Rain of Arrows,3.0,5.75,9.31,137,8.0,7.39,54
Intimidating Cry,2.0,9.17,9.0,183,0.0,10.0,50
Galvanic Arrow,3.0,4.42,9.0,156,0.0,7.0,38
Scourge Arrow,2.0,4.96,9.0,186,0.0,5.0,50
Penance Brand,2.0,5.0,9.0,151,0.0,5.0,57
Storm Rain,2.0,5.0,9.0,164,0.0,5.0,53
Splitting Steel,2.0,4.62,9.0,154,0.0,5.07,34
Bladestorm,2.0,2.04,9.0,171,0.0,6.45,54
Cremation,3.0,6.36,9.0,147,0.0,5.13,58
Spectral Throw,2.0,3.79,8.88,109,9.98,5.0,53
Volcanic Fissure,3.0,4.88,8.84,186,19.6,5.97,90
Decay Support,2.0,4.14,8.76,77,0.0,5.0,51
Scorching Ray,3.0,4.0,8.69,151,0.0,5.0,54
Chance to Flee Support,2.0,8.66,8.55,50,0.0,9.04,21
Smoke Mine,2.0,4.95,8.45,141,0.0,3.04,57
Vengeance,3.0,10.99,8.4,137,0.0,10.0,39
Stormblast Mine,2.0,2.6,8.37,165,0.0,5.0,50
Heavy Strike,2.0,6.22,8.35,95,0.0,7.6,36
Multiple Traps Support,2.0,9.46,8.15,109,0.0,7.71,55
Stun Support,3.0,50.0,8.0,71,0.0,6.62,27
Spectral Helix,2.0,4.0,8.0,164,0.0,4.01,65
Warlord's Mark,2.0,8.63,8.0,181,0.0,7.0,68
Reckoning,2.0,6.2,8.0,146,0.0,8.52,51
Ensnaring Arrow,2.0,6.21,8.0,125,0.0,10.0,48
Charged Dash,2.0,4.18,8.0,153,0.0,9.76,28
Spectral Shield Throw,2.0,4.0,8.0,311,0.0,5.0,72
Lightning Spire Trap,1.99,5.0,8.0,140,0.0,5.38,87
Detonate Dead,3.0,10.0,8.0,149,49.45,8.54,59
Earthshatter,1.66,5.0,7.93,156,0.0,6.45,49
Shrapnel Ballista,2.0,4.0,7.85,133,0.0,3.63,66
Pestilent Strike,2.0,4.24,7.83,132,0.0,5.0,40
Alchemist's Mark,3.0,4.52,7.68,131,0.0,10.0,52
Dominating Blow,2.0,3.72,7.6,182,0.0,3.89,64
Kinetic Bolt,2.0,5.0,7.05,177,0.0,5.0,65
Voltaxic Burst,2.0,5.8,7.0,107,0.0,5.0,40
Shattering Steel,2.0,3.89,7.0,151,0.0,3.41,40
Bloodlust Support,2.0,3.77,6.99,88,0.0,4.31,61
Urgent Orders Support,2.0,8.0,6.93,146,0.0,10.0,44
Infernal Blow,3.0,3.55,6.76,121,0.0,5.02,51
Dual Strike,2.0,4.41,6.54,114,0.0,5.96,44
Unearth,2.0,3.65,6.49,103,0.0,7.0,41
Lightning Strike,3.0,4.51,6.26,163,20.0,18.92,50
Void Sphere,2.0,7.18,6.0,142,0.0,7.0,57
Pyroclast Mine,3.0,5.98,6.0,171,0.0,5.58,47
Flame Link,3.0,5.0,6.0,117,0.0,6.62,25
Burning Arrow,3.0,5.0,5.55,156,10.0,5.0,48
Earthquake,2.0,8.63,5.52,137,15.0,5.0,50
Bodyswap,2.0,4.0,5.46,121,0.0,9.0,42
Stormbind,2.0,3.82,5.0,129,0.0,5.0,61
Ambush,2.0,3.44,5.0,134,0.0,4.0,41
Protective Link,2.0,2.0,5.0,111,0.0,4.85,34
Iron Will Support,2.0,3.63,5.0,111,0.0,9.42,42
Seismic Cry,2.0,5.0,5.0,142,0.0,5.0,59
Destructive Link,2.0,4.59,5.0,116,0.0,5.0,45
Rallying Cry,2.0,2.51,5.0,125,0.0,4.0,48
Chain Hook,2.0,5.0,5.0,137,0.0,5.0,33
Vigilant Strike,2.0,2.44,5.0,123,0.0,8.94,34
Contagion,2.0,3.51,5.0,150,0.0,3.0,64
Viper Strike,2.72,5.0,5.0,128,0.0,4.0,34
Blight,2.1,3.03,5.0,171,34.46,7.0,87
Ground Slam,2.0,5.0,5.0,147,30.0,5.0,41
Cobra Lash,2.0,2.21,5.0,140,0.0,4.95,43
Flameblast,3.0,5.3,5.0,136,38.8,10.09,72
Cleave,2.0,2.66,5.0,169,19.14,4.13,51
Intuitive Link,2.0,5.0,5.0,107,0.0,5.0,30
Venom Gyre,2.91,3.0,5.0,297,15.0,10.0,253
Point Blank Support,2.8,2.64,4.89,81,0.0,4.42,114
Cast on Melee Kill Support,2.64,5.2,4.66,75,0.0,8.54,31
Mirror Arrow,1.0,2.0,4.44,79,0.0,1.0,164
Cast when Stunned Support,2.0,7.65,4.38,77,0.0,5.0,83
Conversion Trap,2.0,3.43,4.0,94,0.0,4.0,35
Siphoning Trap,2.0,5.54,4.0,123,0.0,5.0,32
Riposte,2.0,3.59,3.98,119,0.0,5.0,41
Flamethrower Trap,3.0,3.0,3.98,142,0.0,8.85,51
Vampiric Link,2.0,3.33,3.23,109,0.0,4.14,88
Portal,0.0,0.0,0.0,0,0.0,0.0,0
Blood and Sand,5.0,0.0,0.0,0,0.0,0.0,0
Divergent Bloodlust Support,6.49,0.0,0.0,0,0.0,0.0,0
Impurity of Lightning,0.0,0.0,0.0,0,14.64,0.0,0
Impurity of Ice,0.0,0.0,0.0,0,10.0,0.0,0
Anomalous Portal,18.49,0.0,0.0,0,0.0,0.0,0
Divergent Summon Chaos Golem,8.15,14.21,0.0,0,0.0,16.06,6
Anomalous Scorching Ray,5.0,33.33,0.0,0,0.0,25.09,11
Divergent Firestorm,10.0,30.0,0.0,0,0.0,23.82,6
Anomalous Mirror Arrow,9.83,120.05,0.0,0,0.0,73.94,8
Phantasmal Stormbind,5.0,15.0,0.0,0,0.0,27.75,9
Divergent Storm Burst,14.67,28.07,0.0,0,0.0,130.96,15
Anomalous Flesh Offering,10.0,31.64,0.0,0,0.0,136.45,10
Divergent Impurity of Fire,0.0,0.0,0.0,0,35.64,0.0,0
Divergent Bladefall,4.89,37.4,0.0,0,0.0,32.19,12
Anomalous Knockback Support,7.26,11.99,0.0,0,0.0,146.45,5
Phantasmal Infernal Blow,5.96,24.78,0.0,0,0.0,56.99,5
Anomalous Soul Link,5.16,22.01,0.0,0,0.0,40.0,11
Divergent Intensify Support,8.55,50.5,0.0,0,0.0,73.44,12
Enhance Support,0.0,0.0,0.0,0,0.0,0.0,0
Divergent Blood and Sand,20.0,0.0,0.0,0,0.0,0.0,0
Phantasmal Bodyswap,10.0,100.0,0.0,0,0.0,252.8,2
Anomalous Added Chaos Damage Support,8.92,20.0,0.0,0,0.0,26.38,30
Empower Support,0.0,0.0,0.0,0,0.0,0.0,0
Phantasmal Storm Call,10.0,100.0,0.0,0,51.09,60.0,4
Phantasmal Siphoning Trap,9.82,30.31,0.0,0,0.0,0.0,0
Divergent Conversion Trap,5.13,30.0,0.0,0,0.0,19.06,17
Phantasmal Earthquake,23.45,252.8,0.0,0,1264.0,150.0,3
Anomalous Added Lightning Damage Support,10.0,1264.0,0.0,0,0.0,28.24,18
Anomalous Brand Recall,5.91,0.0,0.0,0,0.0,0.0,0
Phantasmal Reckoning,10.0,20.0,0.0,0,0.0,35.0,25
Divergent Iron Grip Support,10.0,70.0,0.0,0,0.0,64.87,14
Brand Recall,3.0,0.0,0.0,0,0.0,0.0,0
Anomalous Hextouch Support,10.0,37.98,0.0,0,0.0,30.71,15
Anomalous Greater Volley Support,10.0,52.82,0.0,0,0.0,44.0,16
Anomalous Close Combat Support,9.0,38.41,0.0,0,0.0,40.0,8
Anomalous Spectral Helix,5.0,32.65,0.0,0,0.0,26.91,25
Anomalous Charged Dash,10.0,50.0,0.0,0,0.0,53.01,13
Divergent Point Blank Support,13.89,10.9,0.0,0,0.0,0.0,0
Phantasmal Splitting Steel,5.0,7.6,0.0,0,0.0,50.0,6
Divergent Mirror Arrow,9.0,16.03,0.0,0,0.0,66.97,6
Anomalous Devouring Totem,5.99,29.96,0.0,0,0.0,50.0,3
Anomalous Iron Grip Support,4.19,25.0,0.0,0,0.0,34.3,7
Anomalous Added Cold Damage Support,8.84,33.03,0.0,0,0.0,47.33,12
Divergent Flame Wall,5.0,20.0,0.0,0,0.0,20.0,14
Anomalous Arcanist Brand,9.0,43.94,0.0,0,0.0,67.01,22
Divergent Deadly Ailments Support,10.0,20.0,0.0,0,0.0,45.0,6
Phantasmal Sweep,4.85,71.09,0.0,0,0.0,24.9,7
Anomalous Earthshatter,6.52,28.09,0.0,0,0.0,252.8,3
Divergent Ambush,5.28,18.13,0.0,0,0.0,36.5,5
Anomalous Molten Strike,9.0,61.65,0.0,0,49.7,21.44,17
Divergent Bladestorm,8.19,46.01,0.0,0,0.0,41.15,9
Anomalous Protective Link,5.0,19.1,0.0,0,0.0,20.0,8
Divergent Frenzy,12.0,66.45,0.0,0,0.0,40.43,16
Anomalous Ruthless Support,10.0,40.0,0.0,0,0.0,83.72,15
Divergent Stun Support,9.93,0.0,0.0,0,0.0,0.0,0
Divergent Summon Ice Golem,8.0,12.63,0.0,0,0.0,99.0,7
Divergent Devouring Totem,4.11,0.0,0.0,0,0.0,100.0,3
Anomalous Galvanic Arrow,4.0,25.0,0.0,0,0.0,19.98,31
Anomalous Rain of Arrows,8.8,32.7,0.0,0,76.21,24.0,12
Divergent Blind Support,8.0,100.0,0.0,0,0.0,30.0,10
Anomalous Pride,9.0,25.73,0.0,0,0.0,40.79,27
Anomalous Enhance Support,70.0,0.0,0.0,0,0.0,0.0,0
Anomalous Blast Rain,9.0,189.9,0.0,0,0.0,39.76,17
Anomalous Empower Support,125.0,0.0,0.0,0,0.0,0.0,0
Anomalous Impurity of Ice,0.0,0.0,0.0,0,18.21,0.0,0
Divergent Alchemist's Mark,7.63,48.97,0.0,0,0.0,55.0,17
Divergent Galvanic Arrow,9.02,20.63,0.0,0,0.0,84.58,3
Anomalous Enlighten Support,486.95,0.0,0.0,0,0.0,0.0,0
Anomalous Reckoning,12.06,42.3,0.0,0,0.0,80.0,31
Anomalous Detonate Mines,20.0,0.0,0.0,0,0.0,0.0,0
Anomalous Conversion Trap,5.31,13.25,0.0,0,0.0,22.97,20
Anomalous Blood and Sand,353.92,0.0,0.0,0,0.0,0.0,0
Divergent Life Gain on Hit Support,29.0,50.0,0.0,0,0.0,30.67,30
Anomalous Burning Damage Support,5.43,25.77,0.0,0,0.0,25.32,26
Impurity of Fire,0.0,0.0,0.0,0,10.0,0.0,0
Anomalous Impurity of Lightning,0.0,0.0,0.0,0,34.41,0.0,0
Anomalous Frost Shield,8.0,30.0,0.0,0,0.0,35.0,37
Anomalous Ball Lightning,5.79,13.6,0.0,0,0.0,29.87,31
Anomalous Reave,10.0,120.0,0.0,0,252.8,85.51,18
Phantasmal Seismic Cry,9.0,31.29,0.0,0,0.0,22.19,8
Anomalous Destructive Link,8.2,19.39,0.0,0,0.0,42.79,9
Awakened Enhance Support,4551.34,22298.73,0.0,0,0.0,0.0,0
Anomalous Cold Penetration Support,8.67,40.0,0.0,0,0.0,28.97,24
Awakened Enlighten Support,19465.6,55474.43,0.0,0,0.0,0.0,0
Awakened Empower Support,15197.07,63733.66,0.0,0,0.0,0.0,0
Anomalous Splitting Steel,15.0,30.56,0.0,0,0.0,252.8,1
Divergent Ancestral Protector,14.52,63.98,0.0,0,0.0,52.76,17
Divergent Siphoning Trap,3.61,25.45,0.0,0,0.0,19.95,25
Anomalous Bodyswap,10.0,54.08,0.0,0,0.0,80.0,9
Divergent Vengeance,8.66,48.27,0.0,0,0.0,30.0,12
Phantasmal Viper Strike,6.8,0.0,0.0,0,0.0,252.8,1
Phantasmal Arc,10.0,79.5,0.0,0,44.32,155.0,2
Divergent Stormbind,3.47,24.2,0.0,0,0.0,183.98,5
Divergent Chance to Poison Support,5.0,19.57,0.0,0,0.0,29.62,45
Anomalous Ancestral Cry,6.58,11.88,0.0,0,0.0,0.0,0
Divergent Cast on Death Support,6.03,85.47,0.0,0,0.0,30.0,6
Anomalous Vampiric Link,5.0,27.35,0.0,0,0.0,9.34,4
Anomalous Blade Trap,8.0,21.5,0.0,0,0.0,29.8,28
Anomalous Heavy Strike,5.0,14.76,0.0,0,0.0,24.13,15
Divergent Static Strike,1038.54,1235.43,0.0,0,0.0,1330.55,32
Anomalous Chain Support,8.48,20.0,0.0,0,0.0,23.6,17
Divergent Arcanist Brand,8.0,29.07,0.0,0,0.0,30.0,16
Phantasmal Dual Strike,15.93,100.0,0.0,0,0.0,30.0,4
Anomalous Puncture,8.0,36.44,0.0,0,0.0,29.28,28
Phantasmal Cleave,5.0,28.75,0.0,0,0.0,27.04,13
Anomalous Vigilant Strike,6.28,32.78,0.0,0,0.0,19.21,12
Divergent Impurity of Ice,0.0,0.0,0.0,0,19.0,0.0,0
Anomalous Impurity of Fire,0.0,0.0,0.0,0,23.11,0.0,0
Phantasmal Rallying Cry,9.0,47.06,0.0,0,0.0,68.67,14
Divergent Blastchain Mine Support,7.0,32.0,0.0,0,0.0,48.65,17
Divergent Impurity of Lightning,0.0,0.0,0.0,0,22.79,0.0,0
Divergent Seismic Cry,7.12,50.0,0.0,0,0.0,0.0,0
Phantasmal Infernal Cry,10.0,47.78,0.0,0,0.0,25.0,10
Anomalous Chance to Flee Support,5.0,68.02,0.0,0,0.0,10.54,7
Divergent Animate Weapon,8.33,30.0,0.0,0,0.0,40.0,19
Enlighten Support,0.0,0.0,0.0,0,0.0,0.0,0
Phantasmal Bear Trap,7.5,90.0,0.0,0,0.0,0.0,0
Anomalous Void Sphere,8.15,35.78,0.0,0,0.0,51.99,8
Anomalous Cremation,5.0,15.0,0.0,0,0.0,20.0,18
Anomalous Immolate Support,9.02,42.76,0.0,0,0.0,45.0,33
Detonate Mines,0.0,0.0,0.0,0,0.0,0.0,0
