Gem Name,Buy price,Corrupted 20/20,Success 21/20,Listed 21/20,Vaal price
Awakened Multistrike Support,3151.77,0.0,6058.38,5,0.0
Divergent Cast when Damage Taken Support,650.44,687.61,4646.0,1,0.0
Awakened Greater Multiple Projectiles Support,2404.77,2772.73,3976.98,12,0.0
Awakened Spell Cascade Support,2415.92,2527.42,3530.96,5,0.0
Awakened Fork Support,1732.03,2044.24,2646.36,4,0.0
Divergent Void Manipulation Support,1207.96,1286.01,2638.93,2,0.0
Awakened Spell Echo Support,1282.3,1375.22,2601.76,8,0.0
Divergent Herald of Ice,10.0,70.0,2564.59,2,0.0
Divergent Ruthless Support,9.0,90.0,2341.58,2,0.0
Divergent Power Charge On Critical Support,252.74,557.52,2230.08,1,0.0
Divergent Shockwave Totem,99.6,75.0,2044.24,7,0.0
Phantasmal Soulrend,79.0,184.35,2007.07,3,0.0
Phantasmal Discharge,10.0,15.0,1858.4,1,0.0
Anomalous Nightblade Support,130.0,330.8,1709.73,2,0.0
Anomalous Ice Spear,260.18,185.84,1672.56,13,0.0
Divergent Purity of Fire,10.0,90.0,1672.56,1,0.0
Anomalous Summon Skeletons,160.0,150.0,1665.13,9,39.4
Divergent Swiftbrand Support,8.99,20.0,1616.81,3,0.0
Divergent Boneshatter,353.1,371.68,1561.06,3,0.0
Divergent Herald of Purity,6.0,50.0,1523.89,4,0.0
Anomalous Precision,538.94,557.52,1516.45,11,0.0
Divergent Determination,501.77,520.35,1505.3,7,0.0
Phantasmal Cremation,501.77,0.0,1486.72,1,0.0
Divergent Multistrike Support,146.2,185.84,1486.72,1,0.0
Divergent Winter Orb,5.0,38.6,1486.72,1,0.0
Anomalous Glacial Hammer,9.0,116.34,1486.72,1,92.37
Divergent Tempest Shield,408.85,453.45,1486.72,3,0.0
Divergent Discharge,10.0,42.0,1486.72,2,0.0
Awakened Unleash Support,501.77,780.53,1471.85,2,0.0
Awakened Elemental Damage with Attacks Support,706.19,799.11,1393.8,18,0.0
Divergent Vortex,75.0,20.0,1375.22,11,0.0
Anomalous Defiance Banner,371.68,423.72,1375.22,3,0.0
Anomalous Kinetic Blast,334.51,431.15,1356.63,4,0.0
Divergent Summon Raging Spirit,111.5,50.0,1300.88,7,0.0
Divergent Plague Bearer,234.16,260.18,1300.88,5,0.0
Anomalous Frost Shield,9.0,56.8,1263.71,2,0.0
Awakened Chain Support,483.18,641.52,1245.13,5,0.0
Phantasmal Lightning Arrow,153.45,0.0,1189.38,4,1300.88
Phantasmal Lightning Tendrils,45.0,66.0,1152.21,3,0.0
Phantasmal Toxic Rain,50.0,28.8,1115.04,8,0.0
Divergent Greater Volley Support,25.0,185.84,1115.04,1,0.0
Phantasmal Mirror Arrow,21.0,55.0,1115.04,1,0.0
Anomalous Unearth,5.0,120.92,1115.04,1,0.0
Divergent Minion Speed Support,334.51,594.69,1115.04,2,0.0
Divergent Siege Ballista,5.0,128.34,1115.04,2,0.0
Anomalous Barrage Support,14.0,59.0,1115.04,4,0.0
Awakened Cast On Critical Strike Support,223.01,260.18,1111.32,19,0.0
Awakened Void Manipulation Support,315.93,464.6,1100.17,9,0.0
Awakened Increased Area of Effect Support,390.26,468.32,1077.87,18,0.0
Divergent Purity of Elements,182.12,364.25,1003.54,2,0.0
Anomalous Power Charge On Critical Support,10.0,59.0,1003.54,2,0.0
Divergent Lightning Trap,12.0,25.0,929.2,1,50.0
Anomalous Meat Shield Support,9.0,45.0,929.2,1,0.0
Anomalous Explosive Arrow,5.0,20.0,929.2,1,0.0
Phantasmal Rolling Magma,8.0,48.0,929.2,1,0.0
Divergent Arcane Cloak,65.0,87.0,929.2,3,0.0
Divergent Meat Shield Support,10.0,200.71,929.2,1,0.0
Phantasmal Wave of Conviction,8.0,743.36,929.2,1,0.0
Divergent Phase Run,5.0,371.68,929.2,1,0.0
Divergent Purity of Ice,10.0,72.0,929.2,3,0.0
Anomalous Purity of Ice,5.0,42.0,929.2,1,0.0
Anomalous Dark Pact,5.0,16.0,929.2,1,0.0
Anomalous Steelskin,10.0,76.0,929.2,2,0.0
Divergent Summon Skitterbots,371.68,371.68,929.2,1,0.0
Divergent Pulverise Support,178.8,237.88,929.2,3,0.0
Divergent Dash,30.0,100.0,929.2,1,0.0
Anomalous Malevolence,167.26,349.38,929.2,2,0.0
Anomalous Desecrate,5.0,371.68,929.2,2,0.0
Anomalous Increased Critical Damage Support,15.0,98.0,921.77,4,0.0
Divergent Mark On Hit Support,116.0,204.42,918.05,8,0.0
Phantasmal Leap Slam,110.0,0.0,914.33,2,0.0
Divergent Creeping Frost,80.0,65.0,910.62,10,0.0
Phantasmal Lightning Strike,5.0,90.0,892.03,2,0.0
Divergent Melee Splash Support,223.01,282.48,884.6,7,0.0
Anomalous Increased Area of Effect Support,10.0,170.97,880.88,4,0.0
Divergent Molten Strike,30.0,142.2,873.45,3,185.84
Divergent Berserk,20.0,120.0,873.45,3,0.0
Divergent Inspiration Support,334.51,371.68,869.73,9,0.0
Anomalous Frostbolt,10.0,64.0,869.73,2,0.0
Anomalous Increased Duration Support,561.24,631.86,836.28,1,0.0
Anomalous Herald of Ice,10.0,26.0,836.28,9,0.0
Awakened Elemental Focus Support,278.76,408.85,836.28,12,0.0
Divergent Raise Spectre,5.0,45.4,828.85,2,0.0
Divergent Forbidden Rite,10.0,10.6,817.7,6,0.0
Anomalous Mana Leech Support,315.93,334.51,780.53,2,0.0
Anomalous Controlled Destruction Support,9.0,27.0,780.53,2,0.0
Phantasmal Winter Orb,9.2,15.0,780.53,2,0.0
Anomalous Immortal Call,10.0,94.0,780.53,2,0.0
Anomalous Winter Orb,5.0,24.0,780.53,2,0.0
Divergent Lifetap Support,10.0,80.0,780.53,2,0.0
Awakened Burning Damage Support,117.0,271.33,754.51,10,0.0
Phantasmal Summon Raging Spirit,10.0,34.0,743.36,2,0.0
Anomalous Galvanic Field,5.0,0.0,743.36,1,0.0
Phantasmal Storm Brand,9.0,117.17,743.36,1,0.0
Divergent Explosive Arrow,10.0,18.92,743.36,1,0.0
Anomalous Arcane Surge Support,20.0,80.0,743.36,2,0.0
Divergent War Banner,4.0,60.0,743.36,1,0.0
Divergent Dual Strike,5.0,315.93,743.36,1,0.0
Anomalous Pulverise Support,7.0,67.0,743.36,1,0.0
Anomalous Animate Guardian,15.0,18.2,743.36,10,0.0
Anomalous Dread Banner,38.0,81.2,743.36,1,0.0
Anomalous Ignite Proliferation Support,9.0,55.0,743.36,2,0.0
Phantasmal Cleave,5.0,26.0,743.36,1,442.3
Anomalous Hexblast,9.0,20.0,743.36,12,0.0
Anomalous Riposte,5.0,0.0,743.36,1,0.0
Anomalous Chance to Poison Support,92.92,178.41,743.36,3,0.0
Divergent Charged Traps Support,55.0,334.51,743.36,1,0.0
Anomalous Arrogance Support,121.8,185.84,743.36,10,0.0
Anomalous Voltaxic Burst,5.0,90.0,743.36,1,0.0
Divergent Purifying Flame,14.0,47.4,743.36,3,0.0
Anomalous Cast when Stunned Support,5.0,0.0,743.36,1,0.0
Anomalous Blood Rage,371.68,449.73,743.36,1,0.0
Divergent Frost Blades,8.6,10.0,743.36,2,0.0
Divergent Spark,60.0,24.2,743.36,26,15.0
Anomalous Anger,5.0,60.0,743.36,4,0.0
Anomalous Archmage Support,7.6,186.09,743.36,1,0.0
Anomalous Split Arrow,9.0,260.18,743.36,1,0.0
Divergent Ancestral Cry,9.0,178.41,743.36,1,0.0
Awakened Unbound Ailments Support,185.84,288.8,742.62,10,0.0
Awakened Swift Affliction Support,223.01,353.1,741.87,17,0.0
Divergent Minion Damage Support,83.2,97.0,728.49,2,0.0
Anomalous Despair,90.0,178.41,728.49,6,0.0
Anomalous Frost Blades,14.2,20.0,721.06,3,0.0
Anomalous Maim Support,10.0,50.0,713.63,2,0.0
Phantasmal Sigil of Power,21.0,97.2,706.19,2,0.0
Anomalous Essence Drain,5.0,74.0,706.19,2,0.0
Awakened Added Cold Damage Support,35.0,106.6,702.48,27,0.0
Divergent Split Arrow,5.0,30.0,695.04,3,0.0
Awakened Minion Damage Support,53.0,148.67,687.61,19,0.0
Divergent Arctic Armour,68.6,208.14,687.61,3,175.5
Divergent Volatile Dead,15.0,25.0,680.17,6,0.0
Divergent Cyclone,90.0,120.0,680.17,8,60.0
Divergent Trinity Support,65.0,160.0,672.74,4,0.0
Anomalous Vitality,32.2,111.5,669.02,2,0.0
Anomalous Determination,18.8,20.0,654.16,7,0.0
Anomalous Hex Bloom Support,7.4,464.6,650.44,1,0.0
Anomalous Freezing Pulse,5.0,70.0,650.44,1,0.0
Phantasmal Frost Bomb,14.0,34.0,650.44,1,0.0
Divergent Herald of Agony,100.0,150.0,650.44,18,0.0
Anomalous Vulnerability,10.8,50.0,650.44,4,0.0
Anomalous Increased Critical Strikes Support,8.0,46.0,650.44,1,0.0
Divergent Ball Lightning,19.0,32.4,650.44,6,0.0
Divergent Archmage Support,5.0,62.0,650.44,1,0.0
Anomalous Grace,50.0,60.0,650.44,10,267.61
Divergent Temporal Rift,5.0,173.47,650.44,1,0.0
Divergent Animate Guardian,55.0,65.0,650.44,12,0.0
Anomalous Ice Bite Support,20.0,35.0,650.44,7,0.0
Anomalous Greater Multiple Projectiles Support,278.76,446.02,635.57,7,0.0
Anomalous Mirage Archer Support,112.0,164.34,631.86,3,0.0
Anomalous Tornado Shot,120.0,223.01,624.42,5,0.0
Divergent Hatred,18.0,66.0,616.99,3,0.0
Divergent Arc,9.0,30.0,616.99,2,80.0
Phantasmal Crackling Lance,9.0,19.2,613.27,4,0.0
Divergent Barrage,17.6,55.0,609.56,10,0.0
Divergent Efficacy Support,20.0,65.0,602.12,9,0.0
Phantasmal Ancestral Warchief,5.0,124.92,594.69,2,3716.8
Anomalous Siege Ballista,15.0,14.0,594.69,10,0.0
Phantasmal Galvanic Field,10.0,46.2,582.51,3,0.0
Anomalous Forbidden Rite,20.0,10.0,576.1,13,0.0
Anomalous Enfeeble,10.0,40.0,576.1,2,0.0
Awakened Vicious Projectiles Support,55.75,148.67,572.39,9,0.0
Awakened Cast While Channelling Support,111.33,278.76,557.52,8,0.0
Awakened Melee Physical Damage Support,39.0,148.67,557.52,7,0.0
Anomalous Cluster Traps Support,30.0,353.1,557.52,3,0.0
Divergent Holy Flame Totem,5.0,83.34,557.52,2,0.0
Anomalous Raise Spectre,17.8,20.0,557.52,8,0.0
Anomalous Manabond,5.0,20.0,557.52,1,0.0
Anomalous Summon Raging Spirit,5.0,40.0,557.52,1,0.0
Anomalous Vortex,10.0,10.0,557.52,12,0.0
Phantasmal Splitting Steel,7.0,75.0,557.52,1,0.0
Divergent Summon Phantasm Support,6.0,50.0,557.52,1,0.0
Divergent Consecrated Path,5.0,29.0,557.52,1,0.0
Phantasmal Reckoning,5.0,27.0,557.52,1,0.0
Divergent Whirling Blades,13.0,0.0,557.52,1,0.0
Divergent Petrified Blood,5.0,50.0,557.52,1,0.0
Anomalous Eye of Winter,8.0,190.52,557.52,1,0.0
Anomalous Mark On Hit Support,10.0,109.2,557.52,1,0.0
Anomalous Fortify Support,9.0,50.0,557.52,2,0.0
Anomalous Eternal Blessing Support,5.0,185.84,557.52,1,0.0
Anomalous Overcharge Support,9.0,26.0,557.52,2,0.0
Divergent Alchemist's Mark,7.2,45.0,557.52,1,0.0
Anomalous Ice Trap,15.0,10.0,557.52,15,0.0
Phantasmal Smite,150.0,130.0,557.52,1,408.85
Phantasmal Spark,20.0,14.2,557.52,9,10.0
Anomalous Animate Weapon,5.0,15.0,557.52,2,349.38
Phantasmal Vortex,5.0,47.0,557.52,1,0.0
Anomalous Vengeance,10.0,0.0,557.52,1,0.0
Anomalous Frostblink,10.0,26.0,557.52,1,0.0
Divergent Manaforged Arrows Support,30.0,52.0,557.52,2,0.0
Phantasmal Dual Strike,7.8,10.0,557.52,1,0.0
Anomalous Summon Phantasm Support,7.0,21.0,557.52,1,0.0
Divergent Dark Pact,10.0,40.0,557.52,1,0.0
Anomalous Efficacy Support,25.0,75.0,557.52,8,0.0
Anomalous Urgent Orders Support,9.0,60.0,557.52,1,0.0
Anomalous Infused Channelling Support,12.0,64.0,557.52,2,0.0
Divergent Trap and Mine Damage Support,27.4,150.0,557.52,1,0.0
Anomalous Bladestorm,5.0,14.0,557.52,1,0.0
Phantasmal Intimidating Cry,5.0,50.0,557.52,1,0.0
Anomalous Dash,9.0,84.6,557.52,1,0.0
Anomalous Cold to Fire Support,10.0,35.0,557.52,8,0.0
Phantasmal Searing Bond,9.0,24.0,557.52,1,0.0
Divergent Added Chaos Damage Support,7.8,29.2,557.52,1,0.0
Anomalous Clarity,8.0,43.0,557.52,2,371.68
Divergent Herald of Ash,50.0,150.0,557.52,9,0.0
Anomalous Raise Zombie,8.0,16.6,557.52,3,0.0
Divergent Innervate Support,20.0,77.17,557.52,1,0.0
Divergent Glacial Cascade,9.0,19.2,557.52,2,0.0
Anomalous Bonechill Support,14.0,88.0,557.52,1,0.0
Divergent Vitality,28.0,40.0,557.52,13,0.0
Anomalous Fireball,7.0,141.17,553.8,2,446.02
Awakened Generosity Support,102.21,252.74,553.8,5,0.0
Divergent Hexblast,15.0,15.4,546.37,9,0.0
Divergent Increased Duration Support,9.0,25.6,542.65,3,0.0
Anomalous Faster Projectiles Support,90.0,164.35,538.94,7,0.0
Divergent Purity of Lightning,10.0,60.0,538.94,4,0.0
Divergent Shockwave Support,14.0,22.4,538.94,8,0.0
Anomalous Ice Nova,12.0,26.2,527.79,8,50.0
Anomalous Frostbite,20.0,57.8,527.79,11,0.0
Divergent Ice Bite Support,6.4,20.0,527.79,2,0.0
Anomalous Blazing Salvo,8.0,38.0,520.35,5,0.0
Anomalous Infernal Legion Support,8.0,20.0,520.35,2,0.0
Anomalous Physical to Lightning Support,5.2,28.0,520.35,4,0.0
Divergent Bone Offering,60.0,130.09,520.35,3,0.0
Divergent Close Combat Support,19.0,44.0,520.35,2,0.0
Anomalous Spell Echo Support,40.0,70.0,516.64,4,0.0
Awakened Brutality Support,38.0,147.2,509.2,13,0.0
Anomalous Toxic Rain,15.0,10.0,508.83,10,0.0
Divergent Ice Nova,7.0,33.8,501.77,4,185.84
Divergent Pierce Support,10.0,68.0,501.77,1,0.0
Divergent Ice Spear,13.2,10.0,501.77,15,0.0
Anomalous Armageddon Brand,5.0,15.0,501.77,3,0.0
Divergent Desecrate,9.0,66.0,494.33,3,0.0
Anomalous Purity of Elements,69.0,80.0,490.62,10,0.0
Divergent Withering Touch Support,55.0,146.0,483.18,2,0.0
Divergent Burning Damage Support,7.0,63.6,483.18,3,0.0
Anomalous Spectral Throw,5.0,84.0,483.18,2,185.84
Anomalous Boneshatter,10.0,29.4,483.18,2,0.0
Anomalous Conductivity,10.0,25.0,483.18,2,0.0
Divergent Ballista Totem Support,20.0,110.0,479.47,2,0.0
Divergent Multiple Totems Support,10.0,60.0,475.75,4,0.0
Anomalous Shockwave Totem,10.0,15.0,472.03,4,0.0
Anomalous Tempest Shield,10.0,35.0,468.32,3,0.0
Anomalous Wrath,20.0,20.0,468.32,8,0.0
Anomalous Melee Physical Damage Support,10.0,72.0,464.6,1,0.0
Anomalous Zealotry,18.0,20.0,464.6,22,0.0
Anomalous Seismic Cry,5.8,100.0,464.6,1,0.0
Divergent Frost Wall,5.0,0.0,464.6,1,0.0
Divergent Explosive Trap,15.0,10.0,464.6,4,0.0
Divergent Increased Critical Damage Support,8.0,52.0,464.6,1,0.0
Anomalous Cast On Critical Strike Support,13.0,52.0,464.6,1,0.0
Anomalous Endurance Charge on Melee Stun Support,12.4,427.43,464.6,1,0.0
Anomalous Shockwave Support,7.6,30.0,464.6,1,0.0
Divergent Shield Crush,31.0,30.0,464.6,9,0.0
Divergent Tornado Shot,20.0,30.0,464.6,9,0.0
Divergent Malevolence,23.0,43.0,464.6,8,0.0
Awakened Deadly Ailments Support,35.0,136.78,460.88,24,0.0
Anomalous Detonate Dead,14.0,30.0,460.88,10,70.0
Anomalous Combustion Support,10.0,59.0,457.17,4,0.0
Anomalous Ethereal Knives,10.0,10.0,449.73,7,0.0
Divergent Flicker Strike,20.0,36.8,449.73,12,38.0
Divergent Wild Strike,6.0,178.41,449.73,2,0.0
Anomalous Minion Life Support,15.0,150.0,446.02,2,0.0
Divergent Cast On Critical Strike Support,7.0,185.84,446.02,3,0.0
Divergent Summon Reaper,10.0,15.0,446.02,3,0.0
Divergent Cremation,5.0,35.0,446.02,2,0.0
Phantasmal Frostbolt,19.8,80.0,446.02,5,0.0
Anomalous Shock Nova,10.0,30.0,442.3,5,0.0
Anomalous Bladefall,5.0,50.0,435.68,2,0.0
Awakened Lightning Penetration Support,17.0,111.5,434.87,18,0.0
Divergent Increased Area of Effect Support,10.0,50.0,431.15,3,0.0
Divergent Enfeeble,9.0,47.6,423.72,3,0.0
Divergent Righteous Fire,40.0,54.2,420.0,25,308.49
Anomalous Withering Step,36.8,78.0,416.28,7,0.0
Divergent Eternal Blessing Support,15.0,118.0,416.28,2,0.0
Anomalous Orb of Storms,8.6,260.18,408.85,2,0.0
Anomalous Elemental Focus Support,5.0,106.0,408.85,2,0.0
Phantasmal Static Strike,8.0,158.34,408.85,2,0.0
Phantasmal Frost Shield,10.0,50.0,408.85,3,0.0
Anomalous Infernal Cry,9.0,54.0,408.85,2,0.0
Divergent Seismic Trap,6.0,10.0,408.85,3,0.0
Divergent Shock Nova,6.0,45.0,408.85,2,0.0
Awakened Added Lightning Damage Support,20.0,74.34,408.85,21,0.0
Divergent Temporal Chains,29.0,75.0,405.13,10,0.0
Anomalous Vampiric Link,5.0,185.84,390.26,2,0.0
Divergent Frostblink,30.0,40.6,386.55,18,0.0
Anomalous Hypothermia Support,20.0,72.4,382.83,2,0.0
Phantasmal Ice Spear,15.0,10.0,379.11,10,0.0
Anomalous Elemental Damage with Attacks Support,7.0,59.0,371.68,1,0.0
Anomalous Intimidating Cry,7.0,75.0,371.68,2,0.0
Anomalous Warlord's Mark,10.0,158.67,371.68,1,0.0
Divergent Fire Trap,7.0,18.8,371.68,1,0.0
Divergent Exsanguinate,10.0,12.4,371.68,13,0.0
Divergent Rage Vortex,5.0,131.5,371.68,2,0.0
Divergent Venom Gyre,223.01,185.84,371.68,7,913.96
Anomalous Haste,12.0,25.0,371.68,1,185.84
Divergent Cursed Ground Support,5.0,185.84,371.68,1,0.0
Divergent Ensnaring Arrow,7.0,0.0,371.68,1,0.0
Divergent Flammability,8.0,75.0,371.68,1,0.0
Divergent Focused Ballista Support,6.0,82.0,371.68,1,0.0
Divergent Storm Rain,8.0,156.92,371.68,2,0.0
Anomalous Exsanguinate,20.0,9.0,371.68,16,0.0
Anomalous Explosive Concoction,5.0,22.0,371.68,1,0.0
Anomalous Corrupting Fever,10.0,10.0,371.68,7,0.0
Anomalous Storm Rain,8.4,38.0,371.68,1,0.0
Anomalous Lifetap Support,8.0,20.0,371.68,2,0.0
Anomalous Intuitive Link,5.0,0.0,371.68,1,0.0
Anomalous Righteous Fire,10.0,15.0,371.68,5,44.4
Anomalous Second Wind Support,10.0,64.0,371.68,1,0.0
Anomalous Withering Touch Support,10.0,66.0,371.68,5,0.0
Anomalous Hatred,20.0,24.2,371.68,7,0.0
Divergent Scourge Arrow,6.0,171.5,371.68,1,0.0
Anomalous Trap and Mine Damage Support,10.0,25.0,371.68,13,0.0
Anomalous Power Siphon,14.0,15.0,371.68,6,12.0
Anomalous Purity of Fire,4.0,50.4,371.68,3,0.0
Divergent Nightblade Support,5.0,50.0,371.68,1,0.0
Divergent Anger,32.0,178.41,371.68,1,0.0
Divergent Summon Holy Relic,15.0,13.2,371.68,13,0.0
Divergent Chance to Bleed Support,25.0,78.0,371.68,1,0.0
Phantasmal Creeping Frost,9.0,70.0,371.68,1,0.0
Divergent Life Gain on Hit Support,16.0,75.0,371.68,2,0.0
Anomalous Bone Offering,5.0,40.0,371.68,2,0.0
Anomalous Stun Support,5.0,0.0,371.68,1,0.0
Divergent Arrow Nova Support,5.0,0.0,371.68,1,0.0
Anomalous Consecrated Path,9.0,45.0,371.68,1,0.0
Divergent Storm Call,7.0,40.0,371.68,1,0.0
Divergent Summon Skeletons,8.0,22.0,371.68,2,185.84
Divergent Explosive Concoction,5.0,30.0,371.68,1,0.0
Anomalous Sniper's Mark,5.0,46.0,371.68,1,0.0
Anomalous Faster Attacks Support,10.0,0.0,371.68,1,0.0
Anomalous Cobra Lash,5.0,120.0,371.68,2,0.0
Anomalous Conversion Trap,4.0,0.0,371.68,1,0.0
Divergent Frostbolt,5.0,48.0,371.68,1,0.0
Anomalous Volatile Dead,8.0,30.0,371.68,3,0.0
Anomalous Arctic Armour,10.0,70.0,371.68,8,260.18
Divergent Grace,10.0,51.6,371.68,4,134.0
Divergent Withering Step,9.0,120.0,371.68,1,0.0
Divergent Blade Trap,9.0,40.0,371.68,1,0.0
Anomalous Inspiration Support,60.0,69.2,371.68,16,0.0
Divergent Lightning Warp,5.0,75.0,371.68,1,0.0
Divergent Hypothermia Support,20.0,45.0,371.68,3,0.0
Anomalous Flesh and Stone,10.0,55.0,371.68,1,0.0
Phantasmal Desecrate,37.6,0.0,371.68,2,0.0
Anomalous Petrified Blood,38.0,82.4,371.68,7,0.0
Anomalous Deadly Ailments Support,10.0,50.0,371.68,6,0.0
Divergent Ice Trap,8.8,20.0,371.68,2,0.0
Anomalous Discipline,15.0,40.0,370.19,15,115.0
Awakened Added Chaos Damage Support,15.0,74.34,364.25,14,0.0
Divergent Poisonous Concoction,5.8,10.0,364.25,13,0.0
Phantasmal Molten Strike,25.0,84.0,364.25,10,167.26
Anomalous Assassin's Mark,29.6,88.0,356.81,13,0.0
Divergent Eye of Winter,8.0,18.0,356.81,2,0.0
Divergent Culling Strike Support,19.0,75.0,356.81,2,0.0
Anomalous Pierce Support,19.0,152.0,356.81,4,0.0
Divergent Frost Bomb,10.0,51.2,353.1,1,0.0
Anomalous Summon Skitterbots,10.0,58.4,353.1,7,0.0
Anomalous Unbound Ailments Support,10.0,50.0,353.1,1,0.0
Divergent Predator Support,15.0,69.4,341.95,2,0.0
Awakened Cold Penetration Support,20.0,99.0,341.95,20,0.0
Anomalous Impale Support,10.0,55.0,338.23,4,0.0
Divergent Assassin's Mark,10.0,59.0,338.23,2,0.0
Phantasmal Ancestral Protector,90.8,158.0,338.23,3,0.0
Divergent Haste,20.2,35.8,334.51,11,304.78
Divergent Frozen Legion,10.0,212.67,334.51,2,0.0
Anomalous Impending Doom Support,9.0,15.0,334.51,5,0.0
Anomalous Spark,10.0,10.0,334.51,12,20.0
Divergent Cluster Traps Support,15.0,0.0,334.51,2,0.0
Divergent Frost Shield,10.0,40.0,334.51,4,0.0
Anomalous Spectral Shield Throw,10.0,35.8,334.51,5,0.0
Phantasmal Scourge Arrow,5.0,50.0,334.51,2,0.0
Anomalous Wave of Conviction,5.4,52.0,334.51,2,0.0
Divergent Additional Accuracy Support,16.4,40.0,334.51,5,0.0
Anomalous Icicle Mine,8.2,9.0,334.51,12,0.0
Anomalous Flammability,20.0,40.0,334.51,17,0.0
Anomalous Temporal Chains,10.0,50.0,330.8,5,0.0
Anomalous Lightning Arrow,9.0,96.0,327.08,5,185.84
Divergent Bonechill Support,28.0,80.0,327.08,13,0.0
Anomalous Herald of Ash,8.0,40.0,323.36,3,0.0
Divergent Pride,10.0,28.0,319.64,8,0.0
Anomalous Berserk,9.0,40.0,315.93,4,0.0
Phantasmal Summon Skeletons,9.99,31.4,315.93,3,185.84
Anomalous Reap,14.0,15.0,315.93,16,53.0
Divergent Toxic Rain,5.0,15.6,315.93,2,0.0
Divergent Multiple Traps Support,15.6,185.84,315.93,3,0.0
Anomalous Rage Support,9.0,30.0,315.93,3,0.0
Anomalous Arc,9.8,20.0,315.93,6,65.0
Anomalous Rage Vortex,9.0,30.0,315.93,3,0.0
Anomalous Manaforged Arrows Support,15.0,69.4,308.49,10,0.0
Divergent Lightning Arrow,10.0,20.0,304.78,8,167.8
Awakened Blasphemy Support,39.0,182.65,301.06,3,0.0
Awakened Controlled Destruction Support,18.0,92.92,297.34,24,0.0
Anomalous Summon Stone Golem,20.0,55.95,278.76,6,0.0
Divergent Barrage Support,6.0,100.0,278.76,2,0.0
Anomalous Generosity Support,15.0,50.0,278.76,1,0.0
Anomalous Poacher's Mark,9.0,80.0,278.76,1,0.0
Anomalous Cast on Death Support,9.0,20.0,278.76,9,0.0
Anomalous Lightning Warp,6.0,21.0,278.76,1,0.0
Divergent Fireball,10.0,24.6,278.76,1,30.0
Divergent Unbound Ailments Support,7.0,128.0,278.76,1,0.0
Anomalous Herald of Purity,14.0,30.0,278.76,6,0.0
Divergent Greater Multiple Projectiles Support,10.0,49.0,278.76,1,0.0
Anomalous Arcane Cloak,5.0,46.0,278.76,1,0.0
Divergent Charged Mines Support,10.0,70.0,278.76,2,0.0
Anomalous Herald of Agony,9.6,35.0,278.76,6,0.0
Divergent Mirage Archer Support,13.2,49.0,278.76,21,0.0
Anomalous Firestorm,5.0,0.0,278.76,1,0.0
Divergent Spirit Offering,10.0,40.0,271.5,2,0.0
Divergent Kinetic Blast,10.0,15.0,271.33,24,0.0
Divergent Divine Blessing Support,50.0,100.0,271.33,11,0.0
Phantasmal Lightning Warp,20.0,46.0,271.33,9,0.0
Divergent Frostbite,9.0,81.6,271.33,4,0.0
Phantasmal Vengeance,25.0,66.0,263.89,2,0.0
Anomalous Temporal Rift,10.0,39.2,260.18,2,0.0
Divergent Cold Snap,5.0,35.0,260.18,2,83.57
Divergent Blade Vortex,5.0,0.0,260.18,3,69.4
Anomalous Enduring Cry,10.0,66.0,260.18,3,0.0
Divergent Precision,25.0,29.0,250.0,7,0.0
Anomalous Lesser Multiple Projectiles Support,9.8,99.2,249.03,2,0.0
Anomalous Volcanic Fissure,9.0,30.0,241.59,10,159.82
Divergent Combustion Support,10.0,90.0,238.67,3,0.0
Divergent Cleave,8.0,185.84,225.84,2,0.0
Anomalous Frenzy,10.0,122.34,223.01,2,0.0
Divergent Dread Banner,8.0,61.0,223.01,3,0.0
Anomalous Swift Assembly Support,5.0,39.2,223.01,2,0.0
Divergent Vengeance,5.0,0.0,223.01,2,0.0
Anomalous Swift Affliction Support,5.0,25.0,223.01,1,0.0
Anomalous Molten Shell,35.0,60.0,223.01,2,185.84
Anomalous Flame Surge,44.0,122.58,223.01,2,0.0
Anomalous Artillery Ballista,5.0,45.0,223.01,6,0.0
Anomalous Wither,5.0,47.2,223.01,2,0.0
Awakened Fire Penetration Support,15.0,66.0,223.01,13,0.0
Divergent Swift Assembly Support,10.0,40.0,223.01,2,0.0
Divergent Steelskin,5.0,0.0,223.01,2,0.0
Anomalous High-Impact Mine Support,7.0,287.01,204.67,2,0.0
Awakened Added Fire Damage Support,15.0,73.0,196.99,12,0.0
Phantasmal Wild Strike,5.0,0.0,190.0,1,0.0
Devouring Totem,10.2,5.0,185.84,85,0.0
Divergent Shield Charge,5.2,23.2,185.84,1,0.0
Anomalous Charged Mines Support,5.0,70.87,185.84,1,0.0
Anomalous Caustic Arrow,10.0,70.6,185.84,13,100.0
Divergent Reap,5.0,15.0,185.84,1,70.0
Anomalous Divine Blessing Support,10.0,65.6,185.84,1,0.0
Anomalous Glacial Cascade,5.0,32.0,185.84,1,0.0
Divergent Flesh Offering,10.0,46.6,185.84,6,0.0
Anomalous Vicious Projectiles Support,8.0,77.17,185.84,1,0.0
Divergent Spell Totem Support,7.0,85.0,185.84,1,0.0
Divergent Tectonic Slam,9.0,132.92,185.84,3,0.0
Anomalous Smite,5.0,31.2,185.84,1,185.84
Anomalous Creeping Frost,5.0,43.4,185.84,3,0.0
Anomalous Advanced Traps Support,6.0,22.0,185.84,1,0.0
Anomalous Alchemist's Mark,4.6,0.0,185.84,1,0.0
Anomalous Lightning Penetration Support,5.0,0.0,185.84,1,0.0
Divergent Cast while Channelling Support,6.0,93.45,185.84,1,0.0
Anomalous Added Chaos Damage Support,6.4,0.0,185.84,1,0.0
Divergent Bane,10.0,38.0,185.84,1,0.0
Divergent Ancestral Protector,10.0,18.6,185.84,1,0.0
Anomalous Blasphemy Support,5.0,53.17,185.84,1,0.0
Anomalous Lightning Spire Trap,5.0,0.0,185.84,1,0.0
Divergent Spectral Shield Throw,10.0,28.0,185.84,5,0.0
Divergent Advanced Traps Support,7.4,99.2,185.84,3,0.0
Divergent Lightning Strike,5.0,0.0,185.84,1,0.0
Divergent Despair,9.0,29.6,185.84,4,0.0
Anomalous Molten Strike,6.6,28.8,185.84,1,97.17
Anomalous General's Cry,5.0,30.0,185.84,2,0.0
Divergent Devouring Totem,9.0,104.34,185.84,1,0.0
Anomalous Fire Trap,6.0,25.0,185.84,1,0.0
Divergent Corrupting Fever,6.0,10.0,185.84,8,0.0
Elemental Penetration Support,70.0,58.0,185.84,13,0.0
Divergent Lancing Steel,6.2,36.0,185.84,1,0.0
Anomalous Dual Strike,5.0,0.0,185.84,1,0.0
Divergent Physical to Lightning Support,6.0,0.0,185.84,1,0.0
Anomalous Culling Strike Support,10.0,50.0,185.84,1,0.0
Phantasmal Frenzy,6.6,126.0,185.84,1,0.0
Anomalous Intensify Support,8.0,97.17,185.84,1,0.0
Divergent Flame Surge,5.0,43.2,185.84,1,0.0
Divergent Spectral Throw,15.0,20.0,185.84,3,61.0
Anomalous Added Cold Damage Support,6.0,35.4,185.84,1,0.0
Anomalous Swiftbrand Support,10.0,22.0,185.84,2,0.0
Anomalous Melee Splash Support,7.0,101.96,185.84,2,0.0
Divergent Enduring Cry,9.8,0.0,185.84,1,0.0
Awakened Melee Splash Support,15.0,92.34,185.84,26,0.0
Anomalous Chain Support,7.0,32.4,185.84,1,0.0
Anomalous Tornado,5.0,26.0,185.84,1,0.0
Divergent Faster Projectiles Support,7.0,75.4,185.84,1,0.0
Anomalous Phase Run,10.0,65.0,185.84,8,0.0
Divergent Urgent Orders Support,15.0,30.0,185.84,1,0.0
Anomalous Discharge,5.0,15.0,185.84,2,0.0
Anomalous Rejuvenation Totem,6.6,0.0,185.84,1,743.36
Phantasmal Ice Nova,5.0,241.59,185.84,1,185.84
Divergent Ethereal Knives,5.0,41.0,185.84,1,0.0
Anomalous Summon Reaper,7.8,0.0,185.84,1,0.0
Anomalous Absolution,5.0,24.0,185.84,1,2230.08
Awakened Arrow Nova Support,25.0,120.32,185.84,12,0.0
Anomalous Viper Strike,5.0,743.36,185.84,1,0.0
Anomalous Convocation,10.0,66.0,185.84,3,0.0
Anomalous Blade Vortex,120.0,46.8,185.84,13,743.36
Divergent Critical Strike Affliction Support,5.0,464.6,185.84,1,0.0
Awakened Hextouch Support,20.0,95.0,185.0,19,0.0
Awakened Ancestral Call Support,22.0,92.18,182.12,10,0.0
Anomalous Lightning Trap,4.0,0.0,175.0,1,0.0
Anomalous Purifying Flame,9.0,223.01,170.97,2,0.0
Anomalous Minion Speed Support,35.0,80.0,170.97,7,0.0
Divergent Feeding Frenzy Support,6.0,24.0,170.34,3,0.0
Divergent Convocation,16.2,99.2,167.26,1,0.0
Anomalous Poisonous Concoction,5.0,22.0,167.26,1,0.0
Anomalous Earthbreaker Support,5.0,0.0,160.0,1,0.0
Divergent Detonate Dead,7.0,20.0,158.34,10,371.68
Divergent Incinerate,8.4,45.17,154.34,2,0.0
Divergent Ice Shot,8.2,20.0,152.39,15,149.2
Divergent Discipline,10.0,30.0,150.0,1,0.0
Divergent Charged Dash,5.0,0.0,150.0,1,0.0
Divergent Overcharge Support,7.2,61.0,148.67,1,0.0
Phantasmal Rain of Arrows,5.0,0.0,146.34,2,687.61
Anomalous Venom Gyre,10.0,40.0,142.02,16,185.84
Anomalous Trap Support,7.0,59.6,140.0,1,0.0
Anomalous Summon Lightning Golem,10.0,52.0,140.0,1,0.0
Anomalous Fork Support,10.0,42.0,126.37,5,0.0
Divergent Poacher's Mark,5.0,25.0,125.34,3,0.0
Anomalous Battlemage's Cry,6.0,93.17,125.0,1,0.0
Anomalous Unleash Support,7.0,92.0,120.0,1,0.0
Anomalous Cast when Damage Taken Support,44.2,60.0,114.2,9,0.0
Trinity Support,8.0,10.0,112.0,74,0.0
Fire Trap,10.0,3.0,111.5,342,0.0
Phantasmal Cyclone,9.0,56.0,110.0,2,72.0
Anomalous Void Manipulation Support,23.4,24.0,106.0,14,0.0
Anomalous Explosive Trap,5.0,20.0,100.0,1,0.0
Item Rarity Support,4.0,18.0,100.0,57,0.0
Divergent Rain of Arrows,10.0,22.0,100.0,1,1300.88
Anomalous Burning Arrow,8.0,0.0,100.0,1,0.0
Anomalous Fire Penetration Support,5.0,56.6,100.0,1,0.0
Anomalous Smoke Mine,8.0,71.0,100.0,1,0.0
Impale Support,5.0,10.0,100.0,29,0.0
Cold to Fire Support,4.0,14.0,100.0,26,0.0
Phantasmal Siege Ballista,4.0,36.0,100.0,1,0.0
Anomalous Flame Dash,10.0,40.2,100.0,4,0.0
Divergent Sweep,5.0,0.0,100.0,1,0.0
Phantasmal Blade Blast,5.0,22.0,99.2,2,0.0
Impending Doom Support,6.0,2.0,97.8,104,0.0
Minion Life Support,7.0,20.0,97.4,45,0.0
Divergent Blood Rage,7.2,44.0,97.0,3,0.0
Lifetap Support,10.0,13.4,95.0,42,0.0
Anomalous Ancestral Warchief,10.0,14.8,92.0,2,315.93
Frost Blades,5.0,3.0,91.6,59,0.0
Divergent Siphoning Trap,5.0,40.0,90.34,2,0.0
Nightblade Support,5.0,10.0,90.0,83,0.0
Petrified Blood,5.0,17.0,90.0,111,0.0
Ice Spear,5.0,3.0,90.0,89,0.0
Anger,4.0,9.0,90.0,34,0.0
Increased Critical Damage Support,10.0,10.0,90.0,94,0.0
Divergent Cold Penetration Support,5.0,37.0,90.0,1,0.0
Divergent Ground Slam,5.0,0.0,90.0,1,0.0
Grace,5.0,10.0,90.0,104,25.0
Phantasmal Dominating Blow,45.8,16.0,89.2,12,0.0
Elemental Weakness,10.0,10.0,89.0,40,0.0
Raise Spectre,4.0,5.0,88.0,100,0.0
Multiple Traps Support,4.8,19.0,87.4,72,0.0
Minefield Support,5.0,10.0,87.0,33,0.0
Rejuvenation Totem,5.0,9.99,85.8,86,9.59
Righteous Fire,8.0,3.0,85.0,246,3.0
Herald of Ash,5.0,10.0,85.0,42,0.0
Cluster Traps Support,3.0,36.8,85.0,27,0.0
Herald of Ice,7.0,5.0,85.0,115,0.0
Herald of Thunder,3.0,4.6,85.0,91,0.0
Purity of Lightning,2.0,5.0,85.0,92,0.0
Anomalous Rain of Arrows,5.0,0.0,85.0,1,139.5
Ice Bite Support,4.0,5.0,85.0,69,0.0
Determination,8.0,6.0,80.0,93,0.0
Greater Multiple Projectiles Support,9.4,17.0,80.0,70,0.0
Divergent Power Siphon,5.0,464.6,80.0,1,371.68
Anomalous Purity of Lightning,5.0,37.0,80.0,1,0.0
Berserk,6.0,20.0,80.0,72,0.0
Multistrike Support,10.0,15.0,80.0,64,0.0
Ethereal Knives,3.0,4.0,80.0,31,0.0
Malevolence,4.0,10.0,80.0,47,0.0
Trap and Mine Damage Support,7.0,6.0,80.0,111,0.0
Hypothermia Support,6.0,14.0,80.0,71,0.0
Sniper's Mark,7.0,7.2,80.0,164,0.0
Ignite Proliferation Support,4.0,15.0,80.0,33,0.0
Efficacy Support,7.0,10.0,80.0,62,0.0
Concentrated Effect Support,5.0,10.0,80.0,51,0.0
Ballista Totem Support,5.0,10.0,80.0,51,0.0
Defiance Banner,5.0,19.0,79.0,127,0.0
Anomalous Summon Ice Golem,10.0,41.0,77.17,2,0.0
Anomalous Shield Crush,5.0,24.8,77.17,3,0.0
Phantasmal Flameblast,5.0,29.0,77.17,4,0.0
Hatred,4.0,8.0,75.0,50,0.0
Cruelty Support,4.0,10.0,75.0,55,0.0
Energy Leech Support,3.0,15.0,75.0,32,0.0
Shockwave Support,3.0,7.0,75.0,49,0.0
Creeping Frost,3.0,5.0,75.0,100,0.0
Increased Critical Strikes Support,6.0,15.0,74.6,60,0.0
Purity of Fire,3.0,8.0,73.0,37,0.0
Tempest Shield,4.0,18.0,72.6,48,0.0
Vortex,4.0,3.0,72.4,99,0.0
Vitality,5.0,6.4,70.0,50,0.0
Divine Blessing Support,8.0,20.0,70.0,31,0.0
Power Charge On Critical Support,10.0,20.0,70.0,102,0.0
Anomalous Dominating Blow,5.0,100.0,70.0,1,0.0
Punishment,4.0,19.77,70.0,30,0.0
Inspiration Support,10.0,19.0,70.0,119,0.0
Cast when Damage Taken Support,8.0,20.0,70.0,61,0.0
Cyclone,4.0,15.0,70.0,54,5.0
Summon Raging Spirit,3.0,3.0,70.0,125,0.0
Greater Volley Support,5.0,10.0,69.8,32,0.0
Divergent Absolution,8.0,35.2,69.17,2,112.6
Manabond,2.0,4.6,68.2,35,0.0
Anomalous Minion Damage Support,5.0,39.6,68.0,2,0.0
Meat Shield Support,5.0,20.0,68.0,25,0.0
Damage on Full Life Support,5.0,20.0,66.8,30,0.0
Explosive Arrow,3.0,3.0,65.0,150,0.0
Withering Touch Support,6.0,20.0,65.0,39,0.0
Chance to Poison Support,4.0,18.0,65.0,44,0.0
Close Combat Support,5.0,10.0,63.0,16,0.0
Divergent Dominating Blow,5.0,10.0,61.17,2,0.0
Ruthless Support,5.8,5.0,60.6,139,0.0
Purity of Ice,2.0,10.0,60.0,51,0.0
Trap Support,5.0,20.4,60.0,58,0.0
Divergent Immolate Support,8.0,77.2,60.0,1,0.0
Animate Guardian,3.0,14.0,60.0,128,0.0
Hexblast,4.0,2.0,60.0,182,0.0
Anomalous Lightning Strike,12.0,12.0,58.2,23,464.6
Toxic Rain,4.0,2.0,58.0,320,0.0
Bonechill Support,5.0,18.6,56.6,59,0.0
Frostblink,4.0,9.19,55.6,32,0.0
Fork Support,4.0,20.0,55.0,70,0.0
Arrogance Support,7.0,10.0,55.0,78,0.0
Anomalous Cast while Channelling Support,6.0,32.0,55.0,1,0.0
Despair,5.0,20.0,52.4,42,0.0
Forbidden Rite,2.0,6.4,50.8,125,0.0
Increased Duration Support,10.0,20.0,50.4,33,0.0
Anomalous Chance to Bleed Support,5.0,71.0,50.0,1,0.0
Unbound Ailments Support,9.0,18.0,50.0,62,0.0
Charged Traps Support,3.2,22.0,50.0,32,0.0
Tornado Shot,4.0,7.0,50.0,78,0.0
Pierce Support,4.0,15.0,50.0,39,0.0
Ancestral Protector,3.0,13.0,50.0,96,0.0
Multiple Totems Support,7.0,20.0,50.0,47,0.0
Focused Ballista Support,5.0,20.0,50.0,68,0.0
Corrupting Fever,2.0,3.0,50.0,124,0.0
Divergent General's Cry,5.0,120.0,50.0,1,0.0
Divergent Smite,5.0,40.0,50.0,1,0.0
Boneshatter,3.0,3.0,50.0,80,0.0
Mark On Hit Support,10.0,20.0,49.0,39,0.0
Pulverise Support,4.0,18.0,48.8,70,0.0
Freezing Pulse,3.0,17.0,48.0,127,0.0
Mirage Archer Support,8.0,20.0,46.6,35,0.0
Elemental Damage with Attacks Support,12.0,20.0,45.0,153,0.0
Faster Attacks Support,10.0,15.0,45.0,113,0.0
Phase Run,4.0,24.0,45.0,51,0.0
Second Wind Support,4.0,18.0,45.0,26,0.0
Frostbite,3.0,15.0,44.4,44,0.0
Increased Area of Effect Support,5.0,19.0,43.6,44,0.0
Knockback Support,1.0,8.8,43.0,33,0.0
Void Manipulation Support,8.0,15.0,42.0,151,0.0
Discipline,3.0,10.0,40.0,54,57.6
Spell Echo Support,7.0,18.0,40.0,73,0.0
Fortify Support,4.0,20.0,40.0,41,0.0
Arc,3.0,9.0,40.0,40,25.0
Immolate Support,3.0,16.0,40.0,24,0.0
Chain Support,4.0,18.0,40.0,35,0.0
Predator Support,3.7,19.2,40.0,31,0.0
Spell Cascade Support,5.0,18.0,40.0,75,0.0
Pinpoint Support,3.0,10.0,40.0,65,0.0
Barrage Support,4.0,12.4,40.0,47,0.0
High-Impact Mine Support,4.0,18.0,40.0,58,0.0
Herald of Purity,2.0,20.0,40.0,36,0.0
Summon Skitterbots,3.0,20.0,40.0,57,0.0
Swift Affliction Support,10.0,19.94,40.0,178,0.0
Blood Rage,6.0,20.0,40.0,39,0.0
Ice Nova,2.0,17.0,40.0,43,20.0
Less Duration Support,6.0,9.0,40.0,125,0.0
Eye of Winter,2.0,10.0,39.2,47,0.0
Combustion Support,5.0,10.0,39.0,61,0.0
Arcane Surge Support,4.0,17.0,35.2,52,0.0
Faster Casting Support,5.0,19.0,35.0,74,0.0
Plague Bearer,3.0,20.0,35.0,28,0.0
Purity of Elements,4.0,20.0,35.0,61,0.0
Generosity Support,5.0,20.0,35.0,53,0.0
Raise Zombie,3.0,10.0,35.0,126,0.0
Pride,3.0,10.0,35.0,56,0.0
Molten Shell,6.0,15.0,34.0,55,65.0
Wrath,3.0,10.0,33.8,81,0.0
Charged Mines Support,4.0,15.0,33.0,70,0.0
Summon Carrion Golem,2.2,8.0,33.0,120,0.0
Elemental Focus Support,9.0,15.0,30.0,137,0.0
Zealotry,3.0,15.0,30.0,47,0.0
Artillery Ballista,3.0,10.0,30.0,77,0.0
Steelskin,5.0,20.0,30.0,48,0.0
Spark,3.0,4.0,30.0,204,5.0
Exsanguinate,3.0,5.0,30.0,143,0.0
Precision,5.0,20.0,30.0,39,0.0
Flame Dash,8.0,20.0,30.0,70,0.0
Blade Flurry,3.0,12.0,30.0,140,10.0
Anomalous Burning Damage Support,6.0,185.84,30.0,1,0.0
Arctic Armour,3.0,17.0,30.0,32,75.0
Manaforged Arrows Support,7.6,19.99,30.0,71,0.0
Eternal Blessing Support,3.0,23.0,29.4,43,0.0
Reap,2.0,5.0,29.0,87,45.0
Temporal Chains,3.0,20.0,29.0,68,0.0
Infused Channelling Support,4.0,9.0,29.0,66,0.0
Shield Charge,6.0,20.0,28.59,104,0.0
Elemental Hit,4.0,10.0,28.0,180,0.0
Feeding Frenzy Support,4.0,20.0,28.0,53,0.0
Flammability,4.0,8.0,28.0,100,0.0
Deadly Ailments Support,5.0,10.0,28.0,110,0.0
Blastchain Mine Support,3.0,10.0,26.8,19,0.0
Vile Toxins Support,2.0,11.0,26.2,39,0.0
Additional Accuracy Support,2.0,35.0,26.0,17,0.0
Molten Strike,4.0,10.8,25.0,156,30.0
Flicker Strike,3.0,10.0,25.0,90,30.0
Melee Physical Damage Support,5.0,9.0,25.0,55,0.0
Assassin's Mark,4.0,20.0,25.0,86,0.0
Whirling Blades,4.0,25.0,25.0,55,0.0
Maim Support,4.0,18.0,25.0,50,0.0
Volley Support,3.0,20.0,25.0,46,0.0
Frenzy,5.0,20.0,25.0,82,0.0
Enduring Cry,3.0,25.0,25.0,105,0.0
Added Chaos Damage Support,3.0,9.0,24.8,71,0.0
Burning Damage Support,5.0,9.0,24.36,227,0.0
Cast On Critical Strike Support,4.0,15.0,24.0,75,0.0
Culling Strike Support,7.0,20.0,24.0,123,0.0
Vicious Projectiles Support,5.0,10.0,24.0,122,0.0
Splitting Steel,2.0,15.4,23.2,35,0.0
Cast when Stunned Support,3.0,20.0,23.0,27,0.0
Unleash Support,4.0,19.2,23.0,31,0.0
Discharge,3.0,10.0,22.6,51,0.0
Bone Offering,3.0,20.0,22.0,113,0.0
Slower Projectiles Support,2.0,19.4,22.0,38,0.0
Convocation,3.0,20.0,22.0,115,0.0
Enfeeble,3.0,15.0,21.0,111,0.0
Summon Stone Golem,3.0,15.4,21.0,143,0.0
Added Lightning Damage Support,3.0,7.0,20.0,64,0.0
Dread Banner,3.0,20.0,20.0,106,0.0
Lightning Warp,3.0,20.0,20.0,66,0.0
Temporal Rift,2.0,18.8,20.0,81,0.0
Arcanist Brand,4.0,18.0,20.0,99,0.0
Life Gain on Hit Support,3.0,20.0,20.0,46,0.0
Barrage,2.0,18.99,20.0,51,0.0
Faster Projectiles Support,3.0,17.0,20.0,86,0.0
Added Cold Damage Support,4.0,5.0,20.0,86,0.0
Dash,3.0,19.0,20.0,26,0.0
Divergent Summon Ice Golem,4.0,40.0,20.0,1,0.0
Blasphemy Support,3.0,16.8,20.0,32,0.0
Lesser Multiple Projectiles Support,3.0,10.0,20.0,50,0.0
Ensnaring Arrow,3.0,18.8,20.0,33,0.0
Hydrosphere,3.0,15.0,20.0,110,0.0
Ice Trap,2.0,4.0,20.0,115,0.0
Intensify Support,3.0,11.6,20.0,50,0.0
Bane,2.0,9.0,20.0,91,0.0
Spectral Shield Throw,3.0,9.0,20.0,128,0.0
Swift Assembly Support,3.0,16.2,20.0,59,0.0
Storm Brand,3.0,8.0,20.0,148,0.0
War Banner,3.0,12.0,20.0,106,0.0
Infernal Cry,3.0,20.0,20.0,80,0.0
Rage Support,3.0,15.0,19.6,54,0.0
Swiftbrand Support,2.0,15.0,19.4,78,0.0
Ice Shot,4.0,5.0,19.0,105,89.0
Puncture,2.0,10.6,19.0,94,0.0
Melee Splash Support,4.0,10.0,19.0,52,0.0
Hex Bloom Support,2.0,15.0,19.0,71,0.0
Blink Arrow,2.0,17.4,19.0,23,0.0
Brutality Support,5.0,9.0,19.0,124,0.0
Lightning Arrow,5.0,5.0,19.0,256,75.0
Spell Totem Support,4.0,15.0,19.0,71,0.0
Elemental Army Support,2.0,19.0,19.0,41,0.0
Minion Damage Support,5.0,6.0,19.0,124,0.0
Summon Phantasm Support,2.0,10.0,18.8,18,0.0
Physical to Lightning Support,3.0,12.0,18.0,67,0.0
Decoy Totem,2.0,17.59,18.0,67,0.0
Behead Support,2.0,13.4,18.0,36,0.0
Herald of Agony,5.0,15.0,18.0,160,0.0
Mana Leech Support,2.0,15.0,18.0,69,0.0
Minion Speed Support,3.0,15.0,18.0,64,0.0
Tornado,3.0,15.0,17.0,62,0.0
Soul Link,2.0,8.8,17.0,33,0.0
Lightning Conduit,2.0,5.4,16.0,101,0.0
General's Cry,2.0,10.0,16.0,135,0.0
Blind Support,3.0,17.2,15.8,18,0.0
Split Arrow,2.0,14.0,15.0,63,0.0
Shock Nova,2.0,8.8,15.0,60,0.0
Withering Step,3.0,10.0,15.0,75,0.0
Cold Penetration Support,3.0,10.0,15.0,115,0.0
Wave of Conviction,3.0,5.0,15.0,195,0.0
Haste,5.0,8.0,15.0,86,70.0
Wither,2.0,14.0,15.0,122,0.0
Flesh Offering,2.0,13.0,15.0,82,0.0
Shield Crush,2.0,9.0,15.0,78,0.0
Fire Penetration Support,4.0,12.0,15.0,84,0.0
Arcane Cloak,2.0,10.0,15.0,151,0.0
Burning Arrow,4.0,11.4,14.8,76,30.0
Soulrend,2.0,9.6,14.4,68,0.0
Arrow Nova Support,2.0,17.4,14.4,18,0.0
Hextouch Support,3.0,11.0,14.0,49,0.0
Power Siphon,2.0,10.0,14.0,96,10.0
Storm Burst,2.0,10.0,14.0,98,0.0
Explosive Trap,3.0,5.0,14.0,180,0.0
Momentum Support,2.15,10.0,14.0,50,0.0
Scourge Arrow,2.0,10.0,14.0,106,0.0
Frostbolt,3.0,14.0,14.0,106,0.0
Leap Slam,3.0,10.0,14.0,86,0.0
Chance to Bleed Support,2.0,9.0,13.2,14,0.0
Critical Strike Affliction Support,2.0,5.0,13.2,42,0.0
Controlled Destruction Support,4.0,6.0,13.0,175,0.0
Clarity,4.0,10.4,13.0,66,45.0
Lightning Tendrils,2.0,7.2,13.0,67,0.0
Kinetic Blast,2.0,10.0,12.0,52,0.0
Overcharge Support,2.0,11.2,12.0,53,0.0
Added Fire Damage Support,4.0,8.0,12.0,53,0.0
Spectral Throw,2.0,4.2,12.0,71,19.0
Archmage Support,2.0,10.0,12.0,62,0.0
Desecrate,3.0,12.4,12.0,46,0.0
Poisonous Concoction,2.0,5.0,12.0,138,0.0
Blazing Salvo,3.0,8.0,12.0,41,0.0
Storm Rain,2.0,10.0,11.2,77,0.0
Shockwave Totem,2.0,7.0,11.0,162,0.0
Bloodthirst Support,2.0,9.0,11.0,74,0.0
Volatile Dead,3.0,6.75,10.0,106,0.0
Summon Flame Golem,3.0,8.4,10.0,132,0.0
Ancestral Cry,2.0,8.0,10.0,95,0.0
Essence Drain,2.0,6.0,10.0,126,0.0
Frost Bomb,3.0,10.0,10.0,90,0.0
Rain of Arrows,2.0,8.0,10.0,133,30.0
Flesh and Stone,3.0,9.99,10.0,102,0.0
Endurance Charge on Melee Stun Support,2.0,8.2,10.0,23,0.0
Spirit Offering,2.0,9.0,10.0,134,0.0
Poacher's Mark,3.0,10.0,10.0,102,0.0
Summon Ice Golem,2.0,8.0,10.0,100,0.0
Firestorm,4.0,5.0,10.0,93,70.0
Lightning Penetration Support,4.0,9.0,10.0,127,0.0
Rolling Magma,3.0,6.0,10.0,35,0.0
Siege Ballista,2.0,7.8,10.0,74,0.0
Flame Surge,3.0,9.6,10.0,89,0.0
Cast while Channelling Support,3.0,10.0,10.0,83,0.0
Fireball,4.0,10.0,10.0,78,30.4
Ancestral Warchief,3.0,10.0,10.0,84,60.8
Summon Chaos Golem,2.0,10.0,10.0,69,0.0
Crackling Lance,2.0,5.0,10.0,74,0.0
Frost Shield,2.0,10.0,10.0,39,0.0
Summon Lightning Golem,2.0,9.0,10.0,79,0.0
Smite,2.0,8.0,10.0,82,48.6
Infernal Legion Support,3.0,10.0,10.0,26,0.0
Immortal Call,5.0,10.0,10.0,25,0.0
Elemental Proliferation Support,3.0,6.0,10.0,71,0.0
Ball Lightning,2.0,10.0,10.0,106,0.0
Innervate Support,2.0,7.4,10.0,65,0.0
Vulnerability,2.0,9.0,10.0,65,0.0
Icicle Mine,2.0,5.0,10.0,121,0.0
Snipe,2.0,10.0,10.0,55,0.0
Galvanic Field,2.0,5.0,10.0,54,0.0
Lacerate,2.0,8.8,10.0,51,0.0
Conductivity,2.0,9.0,10.0,102,0.0
Spellslinger,2.0,10.0,10.0,66,0.0
Blade Vortex,3.0,4.0,10.0,231,20.0
Flame Wall,4.0,10.0,10.0,57,0.0
Earthbreaker Support,2.0,10.0,10.0,80,0.0
Prismatic Burst Support,3.0,9.0,10.0,113,0.0
Ancestral Call Support,3.0,8.2,10.0,27,0.0
Blast Rain,3.0,10.0,10.0,61,0.0
Armageddon Brand,3.0,5.0,10.0,198,0.0
Seismic Trap,2.0,5.0,10.0,147,0.0
Winter Orb,2.0,5.0,10.0,112,0.0
Animate Weapon,2.0,5.0,10.0,82,37.4
Divergent Summon Chaos Golem,4.0,0.0,10.0,1,0.0
Static Strike,2.0,10.0,10.0,74,0.0
Advanced Traps Support,2.0,9.6,10.0,92,0.0
Galvanic Arrow,2.0,9.2,10.0,83,0.0
Caustic Arrow,3.0,5.0,10.0,169,24.0
Energy Blade,2.0,5.0,10.0,61,0.0
Sigil of Power,2.0,14.8,10.0,52,0.0
Glacial Cascade,3.0,7.0,10.0,44,0.0
Battlemage's Cry,2.0,9.4,10.0,23,0.0
Divine Ire,2.0,9.0,10.0,47,0.0
Incinerate,3.0,8.0,9.36,78,0.0
Glacial Hammer,2.0,3.8,9.0,79,15.2
Wild Strike,3.0,0.0,9.0,42,0.0
Cursed Ground Support,2.0,10.0,9.0,57,0.0
Intimidating Cry,2.0,7.0,9.0,78,0.0
Fist of War Support,2.0,5.0,9.0,55,0.0
Flame Link,3.0,6.0,9.0,71,0.0
Summon Holy Relic,2.0,5.0,9.0,132,0.0
Pestilent Strike,2.0,5.4,9.0,61,0.0
Sweep,2.0,3.2,9.0,64,0.0
Vengeance,2.0,0.0,9.0,56,0.0
Lancing Steel,2.0,7.0,9.0,65,0.0
Holy Flame Totem,3.0,5.0,9.0,93,0.0
Urgent Orders Support,2.0,6.0,8.6,29,0.0
Summon Skeletons,11.0,5.0,8.0,216,29.0
Absolution,3.0,5.0,8.0,136,29.0
Consecrated Path,3.0,6.2,8.0,77,0.0
Penance Brand,2.0,5.0,8.0,57,0.0
Orb of Storms,2.0,5.0,8.0,72,0.0
Rage Vortex,1.0,7.2,8.0,87,0.0
Heavy Strike,2.0,6.8,8.0,119,0.0
Blade Blast,2.0,7.0,8.0,87,0.0
Detonate Dead,3.0,9.6,8.0,76,39.2
Wintertide Brand,2.0,4.4,8.0,145,0.0
Storm Call,2.0,8.8,8.0,66,12.0
Ice Crash,2.0,5.6,8.0,95,0.0
Cold Snap,3.0,5.0,8.0,145,10.0
Lightning Trap,2.0,5.6,8.0,87,30.0
Summon Reaper,2.0,5.0,8.0,97,0.0
Iron Will Support,2.0,8.0,8.0,23,0.0
Purifying Flame,3.0,5.0,7.72,60,0.0
Decay Support,2.0,0.0,7.6,49,0.0
Point Blank Support,1.0,5.0,7.6,29,0.0
Tectonic Slam,3.0,6.0,7.4,48,0.0
Stun Support,2.0,10.0,7.0,43,0.0
Shattering Steel,2.0,5.0,7.0,121,0.0
Lightning Spire Trap,2.0,5.0,7.0,78,0.0
Viper Strike,2.0,8.0,7.0,82,0.0
Volcanic Fissure,3.0,6.0,7.0,70,70.0
Cast on Death Support,2.0,4.28,7.0,29,0.0
Earthshatter,2.0,3.8,7.0,85,0.0
Frost Wall,2.0,20.0,7.0,59,0.0
Venom Gyre,3.0,3.0,7.0,188,48.0
Bear Trap,2.0,5.0,7.0,59,0.0
Reave,2.0,0.0,7.0,47,49.0
Stormbind,2.2,14.0,6.0,75,0.0
Life Leech Support,2.0,9.2,6.0,47,0.0
Bodyswap,3.0,5.0,6.0,71,0.0
Perforate,2.0,4.4,6.0,60,0.0
Cobra Lash,2.0,12.0,6.0,91,0.0
Mirror Arrow,1.0,3.0,5.6,69,0.0
Infernal Blow,3.0,4.4,5.2,68,0.0
Warlord's Mark,3.0,5.0,5.0,66,0.0
Frozen Legion,2.0,6.0,5.0,61,0.0
Blight,2.0,3.0,5.0,63,48.4
Dark Pact,2.0,3.0,5.0,144,0.0
Flameblast,3.0,5.2,5.0,78,30.0
Searing Bond,4.0,24.0,5.0,27,0.0
Lightning Strike,2.0,4.8,5.0,97,35.0
Stormblast Mine,2.0,4.0,5.0,79,0.0
Double Strike,2.0,0.0,5.0,69,44.0
Rallying Cry,3.0,2.6,5.0,53,0.0
Alchemist's Mark,3.0,5.0,5.0,66,0.0
Shrapnel Ballista,2.0,5.0,5.0,83,0.0
Contagion,2.0,4.0,5.0,61,0.0
Bladefall,2.0,8.4,5.0,61,0.0
Protective Link,2.0,5.0,5.0,50,0.0
Ambush,2.0,10.0,5.0,67,0.0
Bloodlust Support,2.0,7.2,5.0,60,0.0
Charged Dash,1.46,20.0,5.0,72,0.0
Ground Slam,2.0,4.4,5.0,91,34.0
Unearth,2.0,5.0,5.0,74,0.0
Earthquake,2.0,6.4,5.0,50,40.0
Sunder,2.0,4.6,5.0,83,0.0
Chain Hook,2.0,15.0,5.0,64,0.0
Riposte,1.0,3.0,5.0,59,0.0
Dominating Blow,2.0,3.4,5.0,97,0.0
Blade Trap,1.2,6.6,5.0,40,0.0
Iron Grip Support,3.0,7.2,5.0,24,0.0
Vampiric Link,2.0,5.0,5.0,60,0.0
Cast on Melee Kill Support,2.0,260.18,5.0,48,0.0
Voltaxic Burst,2.0,3.2,5.0,68,0.0
Vigilant Strike,2.0,0.0,5.0,49,0.0
Destructive Link,3.0,3.0,5.0,52,0.0
Cremation,3.0,9.2,5.0,72,0.0
Spectral Helix,2.0,3.0,5.0,57,0.0
Chance to Flee Support,2.0,7.6,5.0,10,0.0
Bladestorm,2.0,95.0,5.0,78,0.0
Pyroclast Mine,3.0,5.8,5.0,76,0.0
Scorching Ray,3.0,4.0,5.0,82,0.0
Seismic Cry,2.0,2.8,5.0,64,0.0
Void Sphere,2.0,5.8,5.0,57,0.0
Explosive Concoction,3.0,5.2,5.0,66,0.0
Kinetic Bolt,2.0,5.0,5.0,100,0.0
Flamethrower Trap,3.0,4.8,5.0,73,0.0
Reckoning,2.0,10.0,4.8,40,0.0
Conversion Trap,1.0,6.0,4.0,58,0.0
Smoke Mine,2.0,3.0,4.0,50,0.0
Dual Strike,2.0,4.0,4.0,35,0.0
Cleave,2.0,13.8,4.0,83,71.0
Intuitive Link,2.6,0.0,4.0,55,0.0
Siphoning Trap,2.0,10.2,3.2,62,0.0
Anomalous Energy Blade,5.0,0.0,0.0,0,0.0
Phantasmal Pestilent Strike,5.0,23.0,0.0,0,0.0
Divergent Flame Wall,5.0,22.8,0.0,0,0.0
Divergent Stun Support,5.8,0.0,0.0,0,0.0
Impurity of Lightning,0.0,0.0,0.0,0,8.0
Anomalous Focused Ballista Support,7.0,0.0,0.0,0,0.0
Anomalous Snipe,5.0,0.0,0.0,0,0.0
Anomalous Detonate Mines,9.0,0.0,0.0,0,0.0
Phantasmal Arcanist Brand,5.0,40.0,0.0,0,0.0
Phantasmal Viper Strike,8.0,0.0,0.0,0,0.0
Divergent High-Impact Mine Support,5.0,0.0,0.0,0,0.0
Divergent Shrapnel Ballista,5.0,16.0,0.0,0,0.0
Anomalous Iron Will Support,5.0,0.0,0.0,0,0.0
Divergent Storm Burst,8.2,22.0,0.0,0,0.0
Divergent Cast on Death Support,5.0,0.0,0.0,0,0.0
Anomalous Shrapnel Ballista,15.0,20.0,0.0,0,0.0
Divergent Shattering Steel,20.0,40.0,0.0,0,0.0
Divergent Less Duration Support,8.0,42.4,0.0,0,0.0
Phantasmal Stormblast Mine,5.0,0.0,0.0,0,0.0
Portal,0.0,0.0,0.0,0,0.0
Detonate Mines,0.0,0.0,0.0,0,0.0
Divergent Protective Link,5.0,0.0,0.0,0,0.0
Divergent Point Blank Support,5.0,0.0,0.0,0,0.0
Anomalous Pestilent Strike,5.0,0.0,0.0,0,0.0
Brand Recall,2.0,0.0,0.0,0,0.0
Anomalous Stormblast Mine,5.0,0.0,0.0,0,0.0
Divergent Blastchain Mine Support,5.4,0.0,0.0,0,0.0
Divergent Destructive Link,5.0,0.0,0.0,0,0.0
Divergent Galvanic Field,7.0,0.0,0.0,0,0.0
Divergent Fist of War Support,5.0,0.0,0.0,0,0.0
Divergent Earthbreaker Support,9.0,0.0,0.0,0,0.0
Anomalous Elemental Weakness,8.0,35.0,0.0,0,0.0
Divergent Lightning Penetration Support,5.0,28.0,0.0,0,0.0
Anomalous Storm Brand,5.0,0.0,0.0,0,0.0
Divergent Lightning Conduit,5.4,0.0,0.0,0,0.0
Anomalous Leap Slam,8.0,0.0,0.0,0,0.0
Divergent Bladestorm,5.0,24.0,0.0,0,0.0
Divergent Life Leech Support,7.0,22.0,0.0,0,0.0
Divergent Rolling Magma,5.0,0.0,0.0,0,0.0
Divergent Infernal Blow,5.0,15.0,0.0,0,0.0
Anomalous Summon Carrion Golem,9.0,35.4,0.0,0,0.0
Divergent Reckoning,6.0,40.0,0.0,0,0.0
Anomalous Seismic Trap,5.0,40.0,0.0,0,0.0
Divergent Spellslinger,5.0,20.0,0.0,0,0.0
Anomalous Portal,14.8,0.0,0.0,0,0.0
Anomalous Greater Volley Support,9.0,30.0,0.0,0,0.0
Anomalous Sweep,5.0,10.0,0.0,0,0.0
Divergent Puncture,4.2,0.0,0.0,0,0.0
Divergent Rallying Cry,10.0,0.0,0.0,0,0.0
Anomalous Arcanist Brand,7.0,20.0,0.0,0,0.0
Phantasmal Bodyswap,7.0,0.0,0.0,0,0.0
Divergent Vigilant Strike,6.8,0.0,0.0,0,0.0
Divergent Elemental Focus Support,6.0,40.0,0.0,0,0.0
Anomalous Point Blank Support,4.0,0.0,0.0,0,0.0
Divergent Stormbind,5.0,15.8,0.0,0,0.0
Anomalous Stormbind,5.0,0.0,0.0,0,0.0
Anomalous Blade Trap,5.0,30.0,0.0,0,0.0
Divergent Sunder,5.0,0.0,0.0,0,0.0
Anomalous Less Duration Support,7.0,0.0,0.0,0,0.0
Anomalous Arrow Nova Support,5.0,30.0,0.0,0,0.0
Phantasmal Bladestorm,6.4,0.0,0.0,0,0.0
Divergent Cast on Melee Kill Support,5.0,0.0,0.0,0,0.0
Anomalous Charged Dash,5.0,0.0,0.0,0,0.0
Phantasmal Earthquake,8.0,0.0,0.0,0,0.0
Anomalous Trinity Support,8.0,30.0,0.0,0,0.0
Divergent Blood and Sand,9.0,0.0,0.0,0,0.0
Divergent Ice Crash,5.0,0.0,0.0,0,0.0
Anomalous Puncture,7.6,0.0,0.0,0,0.0
Divergent Blind Support,5.0,0.0,0.0,0,0.0
Anomalous Lancing Steel,5.0,0.0,0.0,0,0.0
Phantasmal Seismic Cry,5.0,0.0,0.0,0,0.0
Divergent Summon Flame Golem,5.0,20.0,0.0,0,0.0
Divergent Perforate,5.0,15.0,0.0,0,0.0
Impurity of Ice,0.0,0.0,0.0,0,15.0
Phantasmal Sweep,5.0,11.2,0.0,0,0.0
Impurity of Fire,0.0,0.0,0.0,0,10.0
Anomalous Scorching Ray,5.0,0.0,0.0,0,0.0
Phantasmal Raise Zombie,10.0,20.0,0.0,0,0.0
Divergent Generosity Support,10.0,40.0,0.0,0,0.0
Phantasmal Vigilant Strike,5.0,0.0,0.0,0,0.0
Anomalous Infernal Blow,10.0,47.0,0.0,0,0.0
Anomalous Blast Rain,10.0,371.68,0.0,0,0.0
Divergent Fire Penetration Support,9.2,0.0,0.0,0,0.0
Divergent Tornado,10.0,103.74,0.0,0,0.0
Anomalous Bloodthirst Support,8.0,215.57,0.0,0,0.0
Divergent Spectral Helix,5.0,20.0,0.0,0,0.0
Anomalous Spectral Helix,5.0,0.0,0.0,0,0.0
Anomalous Cast on Melee Kill Support,7.0,297.34,0.0,0,0.0
Anomalous Predator Support,20.0,148.35,0.0,0,0.0
Divergent Elemental Damage with Attacks Support,20.0,278.76,0.0,0,0.0
Anomalous Flesh Offering,10.0,25.2,0.0,0,0.0
Divergent Scorching Ray,8.0,15.0,0.0,0,0.0
Divergent Cold to Fire Support,10.0,278.76,0.0,0,0.0
Anomalous Feeding Frenzy Support,70.0,98.34,0.0,0,0.0
Divergent Hydrosphere,8.0,112.0,0.0,0,0.0
Anomalous Energy Leech Support,5.0,260.18,0.0,0,0.0
Anomalous Impurity of Fire,0.0,0.0,0.0,0,241.59
Divergent Frenzy,15.0,50.0,0.0,0,0.0
Divergent Artillery Ballista,185.84,170.34,0.0,0,0.0
Divergent Kinetic Bolt,6.0,227.87,0.0,0,0.0
Divergent Faster Attacks Support,5.0,49.0,0.0,0,0.0
Anomalous Sunder,7.2,223.01,0.0,0,0.0
Divergent Molten Shell,7.0,23.8,0.0,0,223.01
Divergent Fortify Support,7.0,41.0,0.0,0,0.0
Divergent Controlled Destruction Support,5.0,114.0,0.0,0,0.0
Divergent Cruelty Support,7.0,60.8,0.0,0,0.0
Phantasmal Unearth,185.84,185.84,0.0,0,0.0
Divergent Energy Leech Support,18.0,68.4,0.0,0,0.0
Anomalous Elemental Penetration Support,260.18,371.68,0.0,0,0.0
Anomalous Added Lightning Damage Support,5.0,88.74,0.0,0,0.0
Anomalous Multiple Traps Support,85.0,371.68,0.0,0,0.0
Anomalous War Banner,29.0,148.0,0.0,0,0.0
Phantasmal Shrapnel Ballista,5.0,116.12,0.0,0,0.0
Anomalous Soul Link,4.0,0.0,0.0,0,0.0
Anomalous Knockback Support,5.0,0.0,0.0,0,0.0
Divergent Earthshatter,5.0,185.84,0.0,0,0.0
Phantasmal Tectonic Slam,5.0,20.0,0.0,0,0.0
Divergent Energy Blade,5.0,18.0,0.0,0,0.0
Divergent Intuitive Link,5.0,0.0,0.0,0,0.0
Anomalous Bodyswap,5.0,40.0,0.0,0,0.0
Anomalous Elemental Army Support,5.0,53.17,0.0,0,0.0
Divergent Vampiric Link,4.6,0.0,0.0,0,0.0
Anomalous Iron Grip Support,5.0,50.0,0.0,0,0.0
Anomalous Flicker Strike,5.0,86.0,0.0,0,314.34
Divergent Animate Weapon,6.2,100.0,0.0,0,327.08
Anomalous Spell Cascade Support,5.0,59.0,0.0,0,0.0
Anomalous Perforate,5.0,50.0,0.0,0,0.0
Divergent Arrogance Support,5.0,68.0,0.0,0,0.0
Anomalous Siphoning Trap,5.0,0.0,0.0,0,0.0
Divergent Intensify Support,5.0,0.0,0.0,0,0.0
Divergent Impurity of Lightning,0.0,0.0,0.0,0,185.84
Divergent Summon Stone Golem,5.0,25.0,0.0,0,0.0
Divergent Spell Echo Support,10.0,77.17,0.0,0,0.0
Phantasmal Puncture,6.0,185.84,0.0,0,0.0
Divergent Bloodlust Support,5.0,0.0,0.0,0,0.0
Divergent Minion Life Support,5.0,45.0,0.0,0,0.0
Anomalous Enhance Support,45.0,0.0,0.0,0,0.0
Divergent Brutality Support,7.0,0.0,0.0,0,0.0
Anomalous Rallying Cry,5.0,185.84,0.0,0,0.0
Anomalous Soulrend,5.0,0.0,0.0,0,0.0
Anomalous Ground Slam,5.0,185.84,0.0,0,0.0
Divergent Ancestral Warchief,8.0,0.0,0.0,0,185.84
Phantasmal Blink Arrow,40.0,185.84,0.0,0,0.0
Anomalous Ice Crash,5.0,185.84,0.0,0,0.0
Anomalous Reckoning,13.0,185.84,0.0,0,0.0
Divergent Contagion,5.0,150.0,0.0,0,0.0
Divergent Swift Affliction Support,9.0,88.0,0.0,0,0.0
Divergent Deadly Ailments Support,9.0,45.0,0.0,0,0.0
Divergent Burning Arrow,8.0,90.0,0.0,0,185.84
Divergent Blight,5.0,30.0,0.0,0,185.84
Divergent Faster Casting Support,5.0,185.84,0.0,0,0.0
Divergent Clarity,10.0,73.8,0.0,0,208.14
Divergent Conductivity,4.0,92.0,0.0,0,0.0
Divergent Decoy Totem,10.0,127.5,0.0,0,0.0
Divergent Slower Projectiles Support,5.6,50.0,0.0,0,0.0
Anomalous Blade Blast,5.0,0.0,0.0,0,0.0
Divergent Divine Ire,8.8,13.0,0.0,0,0.0
Anomalous Pride,7.0,19.4,0.0,0,0.0
Anomalous Tectonic Slam,5.0,0.0,0.0,0,0.0
Anomalous Ambush,5.0,0.0,0.0,0,0.0
Divergent Freezing Pulse,5.0,188.92,0.0,0,0.0
Phantasmal Pyroclast Mine,5.0,185.84,0.0,0,0.0
Anomalous Vile Toxins Support,8.0,165.73,0.0,0,0.0
Divergent Vile Toxins Support,5.0,185.84,0.0,0,0.0
Anomalous Earthquake,5.0,15.0,0.0,0,0.0
Anomalous Blastchain Mine Support,8.0,26.0,0.0,0,0.0
Divergent Ignite Proliferation Support,7.0,185.84,0.0,0,0.0
Divergent Wave of Conviction,9.0,17.8,0.0,0,0.0
Divergent Punishment,8.0,56.0,0.0,0,0.0
Divergent Blazing Salvo,6.0,26.4,0.0,0,0.0
Anomalous Reave,7.0,45.0,0.0,0,0.0
Phantasmal Barrage,8.6,185.84,0.0,0,0.0
Divergent Herald of Thunder,10.0,60.0,0.0,0,0.0
Divergent Intimidating Cry,5.0,10.0,0.0,0,0.0
Phantasmal Blade Vortex,5.0,28.4,0.0,0,371.68
Anomalous Cursed Ground Support,8.0,19.0,0.0,0,0.0
Divergent Soulrend,5.0,15.0,0.0,0,0.0
Divergent Caustic Arrow,5.0,84.4,0.0,0,185.84
Empower Support,0.0,0.0,0.0,0,0.0
Anomalous Wintertide Brand,5.0,40.0,0.0,0,0.0
Anomalous Elemental Hit,5.0,60.0,0.0,0,0.0
Divergent Double Strike,5.0,0.0,0.0,0,929.2
Divergent Infernal Legion Support,10.0,80.0,0.0,0,0.0
Divergent Sigil of Power,5.0,40.0,0.0,0,0.0
Divergent Impale Support,9.0,35.0,0.0,0,0.0
Phantasmal Bear Trap,7.2,929.2,0.0,0,0.0
Phantasmal Shattering Steel,5.0,116.92,0.0,0,0.0
Phantasmal Sunder,5.0,0.0,0.0,0,0.0
Divergent Chance to Poison Support,7.0,53.2,0.0,0,0.0
Divergent Viper Strike,5.0,44.0,0.0,0,0.0
Anomalous Shattering Steel,5.0,64.0,0.0,0,0.0
Anomalous Item Rarity Support,6.0,79.4,0.0,0,0.0
Anomalous Decay Support,5.0,743.36,0.0,0,0.0
Anomalous Close Combat Support,9.0,743.36,0.0,0,0.0
Anomalous Chance to Flee Support,4.0,743.36,0.0,0,0.0
Anomalous Ice Shot,5.0,50.0,0.0,0,241.59
Divergent Bloodthirst Support,5.0,40.0,0.0,0,0.0
Divergent Added Cold Damage Support,7.0,20.0,0.0,0,0.0
Anomalous Pinpoint Support,5.0,0.0,0.0,0,0.0
Awakened Empower Support,4252.02,22152.13,0.0,0,0.0
Awakened Enhance Support,1666.59,9121.03,0.0,0,0.0
Divergent Flameblast,5.0,15.0,0.0,0,0.0
Anomalous Ancestral Protector,9.0,34.0,0.0,0,0.0
Anomalous Frozen Legion,7.0,51.0,0.0,0,0.0
Anomalous Empower Support,130.05,0.0,0.0,0,0.0
Anomalous Decoy Totem,7.0,167.26,0.0,0,0.0
Divergent Essence Drain,5.0,0.0,0.0,0,0.0
Divergent Pestilent Strike,5.0,371.68,0.0,0,0.0
Phantasmal Ballista Totem Support,20.0,150.0,0.0,0,0.0
Enlighten Support,0.0,0.0,0.0,0,0.0
Anomalous Rolling Magma,10.0,17.0,0.0,0,0.0
Anomalous Double Strike,5.0,0.0,0.0,0,0.0
Anomalous Cleave,4.4,0.0,0.0,0,1486.72
Phantasmal Spectral Shield Throw,594.69,628.14,0.0,0,0.0
Anomalous Blight,5.0,29.6,0.0,0,1300.88
Anomalous Hydrosphere,5.0,106.0,0.0,0,0.0
Divergent Unearth,5.0,40.0,0.0,0,0.0
Phantasmal Blast Rain,6.2,20.0,0.0,0,0.0
Anomalous Galvanic Arrow,5.0,50.0,0.0,0,0.0
Divergent Arcanist Brand,5.0,40.0,0.0,0,0.0
Divergent Defiance Banner,8.0,30.0,0.0,0,0.0
Divergent Lightning Spire Trap,5.0,40.0,0.0,0,0.0
Divergent Iron Grip Support,4.2,14.0,0.0,0,0.0
Phantasmal Ice Crash,6.4,0.0,0.0,0,0.0
Phantasmal Domination,0.0,0.0,0.0,0,520.35
Phantasmal Void Sphere,5.0,22.4,0.0,0,0.0
Divergent Rage Support,185.84,146.65,0.0,0,0.0
Enhance Support,0.0,0.0,0.0,0,0.0
Divergent Trap Support,10.0,100.0,0.0,0,0.0
Anomalous Spell Totem Support,5.2,464.6,0.0,0,0.0
Divergent Leap Slam,4.0,108.8,0.0,0,0.0
Divergent Static Strike,223.01,408.85,0.0,0,0.0
Anomalous Wild Strike,4.2,185.84,0.0,0,0.0
Divergent Firestorm,6.0,0.0,0.0,0,464.6
Anomalous Cyclone,8.4,449.73,0.0,0,15.4
Divergent Flesh and Stone,5.0,168.67,0.0,0,0.0
Divergent Concentrated Effect Support,5.0,111.5,0.0,0,0.0
Divergent Infernal Cry,5.0,0.0,0.0,0,0.0
Phantasmal Consecrated Path,5.0,0.0,0.0,0,0.0
Divergent Wintertide Brand,5.0,0.0,0.0,0,0.0
Phantasmal Raise Spectre,10.0,122.34,0.0,0,0.0
Anomalous Destructive Link,8.0,0.0,0.0,0,0.0
Divergent Glacial Hammer,5.0,0.0,0.0,0,0.0
Divergent Flamethrower Trap,5.8,0.0,0.0,0,0.0
Anomalous Enlighten Support,353.1,0.0,0.0,0,0.0
Anomalous Vigilant Strike,5.0,0.0,0.0,0,0.0
Anomalous Momentum Support,9.0,241.59,0.0,0,0.0
Domination,0.0,0.0,0.0,0,38.0
Divergent Storm Brand,7.0,38.0,0.0,0,0.0
Divergent Wrath,520.35,0.0,0.0,0,0.0
Phantasmal Holy Flame Totem,5.0,371.68,0.0,0,0.0
Phantasmal Reave,15.0,204.42,0.0,0,631.86
Anomalous Brand Recall,5.0,0.0,0.0,0,0.0
Anomalous Flame Wall,5.0,114.34,0.0,0,0.0
Divergent Chain Support,4.0,50.0,0.0,0,0.0
Anomalous Kinetic Bolt,10.0,30.0,0.0,0,0.0
Anomalous Penance Brand,5.0,557.52,0.0,0,0.0
Divergent Summon Lightning Golem,5.0,20.0,0.0,0,0.0
Divergent Zealotry,15.0,74.0,0.0,0,0.0
Divergent Cast when Stunned Support,9.0,185.84,0.0,0,0.0
Divergent Galvanic Arrow,8.0,0.0,0.0,0,0.0
Divergent Icicle Mine,5.0,172.67,0.0,0,0.0
Anomalous Void Sphere,6.0,0.0,0.0,0,0.0
Awakened Enlighten Support,4274.32,34001.48,0.0,0,0.0
Anomalous Blade Flurry,4.2,0.0,0.0,0,0.0
Anomalous Impurity of Lightning,0.0,0.0,0.0,0,48.0
Divergent Blasphemy Support,10.0,0.0,0.0,0,0.0
Divergent Blast Rain,5.0,16.0,0.0,0,0.0
Divergent Mana Leech Support,5.0,64.0,0.0,0,0.0
Anomalous Contagion,5.0,87.0,0.0,0,0.0
Divergent Spell Cascade Support,8.2,0.0,0.0,0,0.0
Anomalous Concentrated Effect Support,12.0,78.0,0.0,0,0.0
Divergent Melee Physical Damage Support,5.0,53.0,0.0,0,0.0
Anomalous Divine Ire,4.0,80.0,0.0,0,0.0
Phantasmal Purifying Flame,9.4,30.0,0.0,0,0.0
Divergent Ancestral Call Support,10.0,64.0,0.0,0,0.0
Divergent Lesser Multiple Projectiles Support,7.0,79.0,0.0,0,0.0
Divergent Flame Dash,8.0,20.8,0.0,0,0.0
Anomalous Cold Snap,8.0,76.0,0.0,0,78.0
Anomalous Slower Projectiles Support,5.0,76.8,0.0,0,0.0
Anomalous Ruthless Support,5.0,18.0,0.0,0,0.0
Anomalous Frost Wall,5.0,0.0,0.0,0,0.0
Divergent Added Fire Damage Support,5.0,40.0,0.0,0,0.0
Anomalous Impurity of Ice,0.0,0.0,0.0,0,73.0
Divergent Armageddon Brand,5.0,5.0,0.0,0,0.0
Anomalous Damage on Full Life Support,8.8,40.0,0.0,0,0.0
Divergent Maim Support,7.0,44.0,0.0,0,0.0
Phantasmal Flame Wall,40.0,90.0,0.0,0,0.0
Anomalous Barrage,5.0,70.0,0.0,0,0.0
Phantasmal Prismatic Burst Support,8.0,31.0,0.0,0,0.0
Divergent Void Sphere,6.0,51.0,0.0,0,0.0
Phantasmal Fireball,10.0,18.2,0.0,0,92.92
Anomalous Shield Charge,7.0,55.0,0.0,0,0.0
Anomalous Critical Strike Affliction Support,5.0,67.2,0.0,0,0.0
Phantasmal Lancing Steel,5.0,0.0,0.0,0,0.0
Anomalous Chain Hook,3.0,0.0,0.0,0,0.0
Anomalous Whirling Blades,5.0,30.0,0.0,0,0.0
Divergent Chain Hook,5.0,0.0,0.0,0,0.0
Anomalous Storm Call,5.0,0.0,0.0,0,0.0
Anomalous Pyroclast Mine,5.0,22.8,0.0,0,0.0
Anomalous Plague Bearer,5.0,50.0,0.0,0,0.0
Divergent Bodyswap,4.8,99.0,0.0,0,0.0
Anomalous Lacerate,6.0,25.0,0.0,0,0.0
Anomalous Blind Support,9.0,0.0,0.0,0,0.0
Divergent Minefield Support,10.0,0.0,0.0,0,0.0
Divergent Elemental Weakness,9.0,70.0,0.0,0,0.0
Anomalous Ball Lightning,5.0,50.0,0.0,0,0.0
Divergent Hextouch Support,4.0,46.0,0.0,0,0.0
Anomalous Mirror Arrow,5.4,15.0,0.0,0,0.0
Anomalous Frost Bomb,5.6,70.0,0.0,0,0.0
Divergent Sniper's Mark,10.0,65.0,0.0,0,0.0
Phantasmal Rallying Cry,5.0,25.0,0.0,0,0.0
Divergent Summon Carrion Golem,5.0,30.0,0.0,0,0.0
Divergent Impurity of Ice,0.0,0.0,0.0,0,53.0
Divergent Damage on Full Life Support,7.0,52.0,0.0,0,0.0
Phantasmal Seismic Trap,5.0,16.2,0.0,0,0.0
Divergent Blade Blast,10.0,50.0,0.0,0,0.0
Anomalous Bane,4.0,50.0,0.0,0,0.0
Phantasmal Intensify Support,5.8,50.0,0.0,0,0.0
Divergent Impurity of Fire,0.0,0.0,0.0,0,50.0
Divergent Elemental Army Support,9.0,50.0,0.0,0,0.0
Anomalous Ancestral Cry,4.0,30.0,0.0,0,0.0
Anomalous Storm Burst,9.0,30.0,0.0,0,0.0
Divergent Bear Trap,5.0,40.0,0.0,0,0.0
Divergent Blade Flurry,5.0,0.0,0.0,0,0.0
Divergent Seismic Cry,7.0,40.0,0.0,0,0.0
Phantasmal Shockwave Totem,5.0,36.0,0.0,0,0.0
Divergent Heavy Strike,8.0,14.6,0.0,0,0.0
Anomalous Earthshatter,7.6,0.0,0.0,0,0.0
Divergent Splitting Steel,5.0,36.0,0.0,0,0.0
Phantasmal Arc,7.0,0.0,0.0,0,40.0
Divergent Cobra Lash,9.0,25.6,0.0,0,0.0
Phantasmal Storm Call,9.2,0.0,0.0,0,0.0
Anomalous Devouring Totem,8.0,53.17,0.0,0,0.0
Anomalous Spirit Offering,5.0,69.17,0.0,0,0.0
Divergent Behead Support,7.0,50.0,0.0,0,0.0
Anomalous Blood and Sand,60.0,0.0,0.0,0,0.0
Divergent Endurance Charge on Melee Stun Support,6.4,66.2,0.0,0,0.0
Anomalous Cold Penetration Support,5.0,66.0,0.0,0,0.0
Anomalous Sigil of Power,10.0,66.0,0.0,0,0.0
Divergent Crackling Lance,5.0,64.0,0.0,0,0.0
Phantasmal Infernal Cry,10.0,64.0,0.0,0,0.0
Divergent Battlemage's Cry,5.0,60.0,0.0,0,0.0
Anomalous Crackling Lance,9.6,0.0,0.0,0,0.0
Divergent Lacerate,5.0,22.0,0.0,0,0.0
Divergent Blink Arrow,5.0,0.0,0.0,0,0.0
Anomalous Summon Flame Golem,9.0,36.0,0.0,0,0.0
Anomalous Summon Chaos Golem,10.0,34.0,0.0,0,0.0
Divergent Decay Support,6.8,40.0,0.0,0,0.0
Divergent Raise Zombie,8.0,25.2,0.0,0,0.0
Phantasmal Hexblast,8.4,19.6,0.0,0,0.0
Anomalous Minefield Support,5.0,59.2,0.0,0,0.0
Divergent Conversion Trap,5.8,0.0,0.0,0,0.0
Anomalous Life Leech Support,5.0,0.0,0.0,0,0.0
Phantasmal Siphoning Trap,8.0,55.0,0.0,0,0.0
Anomalous Lightning Tendrils,5.0,10.0,0.0,0,0.0
Anomalous Heavy Strike,4.0,0.0,0.0,0,0.0
Divergent Searing Bond,5.0,100.0,0.0,0,0.0
Anomalous Behead Support,6.2,185.84,0.0,0,0.0
Anomalous Flame Link,5.0,0.0,0.0,0,0.0
Divergent Earthquake,5.0,0.0,0.0,0,0.0
Anomalous Flamethrower Trap,5.0,0.0,0.0,0,0.0
Anomalous Blink Arrow,5.0,35.0,0.0,0,0.0
Anomalous Immolate Support,6.0,40.0,0.0,0,0.0
Anomalous Searing Bond,5.0,0.0,0.0,0,0.0
Divergent Iron Will Support,5.0,27.0,0.0,0,0.0
Anomalous Spellslinger,4.0,0.0,0.0,0,0.0
Anomalous Incinerate,4.0,0.0,0.0,0,0.0
Anomalous Volley Support,5.0,0.0,0.0,0,0.0
Anomalous Life Gain on Hit Support,5.0,54.0,0.0,0,0.0
Phantasmal Infernal Blow,5.0,0.0,0.0,0,0.0
Divergent Mirror Arrow,6.0,0.0,0.0,0,0.0
Divergent Riposte,7.0,60.0,0.0,0,0.0
Anomalous Lightning Conduit,4.0,43.0,0.0,0,0.0
Divergent Hex Bloom Support,5.0,0.0,0.0,0,0.0
Divergent Momentum Support,5.0,100.0,0.0,0,0.0
Anomalous Prismatic Burst Support,10.0,20.0,0.0,0,0.0
Divergent Prismatic Burst Support,6.0,159.24,0.0,0,0.0
Divergent Flame Link,7.0,50.0,0.0,0,0.0
Divergent Manabond,5.0,18.0,0.0,0,0.0
Divergent Wither,6.0,20.0,0.0,0,0.0
Anomalous Ballista Totem Support,9.0,25.2,0.0,0,0.0
Anomalous Added Fire Damage Support,5.0,9.0,0.0,0,0.0
Divergent Added Lightning Damage Support,5.0,0.0,0.0,0,0.0
Phantasmal Perforate,9.6,23.6,0.0,0,0.0
Divergent Knockback Support,8.0,63.0,0.0,0,0.0
Phantasmal Decoy Totem,15.0,185.84,0.0,0,0.0
Divergent Rejuvenation Totem,9.0,45.17,0.0,0,0.0
Divergent Lightning Tendrils,5.6,65.17,0.0,0,0.0
Divergent Stormblast Mine,8.0,150.0,0.0,0,0.0
Phantasmal Animate Weapon,5.0,0.0,0.0,0,0.0
Divergent Impending Doom Support,10.0,25.0,0.0,0,0.0
Anomalous Holy Flame Totem,8.0,0.0,0.0,0,0.0
Divergent Bladefall,5.0,123.8,0.0,0,0.0
Phantasmal Earthshatter,5.0,16.4,0.0,0,0.0
Anomalous Charged Traps Support,8.0,0.0,0.0,0,0.0
Divergent Infused Channelling Support,9.0,80.0,0.0,0,0.0
Anomalous Static Strike,5.0,157.17,0.0,0,0.0
Anomalous Cremation,9.0,25.0,0.0,0,0.0
Anomalous Scourge Arrow,15.0,19.0,0.0,0,0.0
Anomalous Summon Holy Relic,5.0,84.0,0.0,0,0.0
Anomalous Additional Accuracy Support,5.0,148.67,0.0,0,0.0
Divergent Vulnerability,7.0,100.0,0.0,0,0.0
Divergent Immortal Call,10.0,100.0,0.0,0,0.0
Divergent Soul Link,5.0,93.17,0.0,0,0.0
Phantasmal Haste,10.0,0.0,0.0,0,0.0
Anomalous Faster Casting Support,12.0,0.0,0.0,0,0.0
Divergent Reave,5.0,32.0,0.0,0,80.0
Divergent Voltaxic Burst,5.0,117.17,0.0,0,0.0
Anomalous Protective Link,4.6,0.0,0.0,0,0.0
Divergent Domination,0.0,0.0,0.0,0,117.17
Anomalous Cruelty Support,10.0,80.0,0.0,0,0.0
Divergent Pyroclast Mine,8.0,24.6,0.0,0,0.0
Anomalous Splitting Steel,10.0,0.0,0.0,0,0.0
Anomalous Herald of Thunder,5.0,109.4,0.0,0,0.0
Phantasmal Stormbind,5.0,0.0,0.0,0,0.0
Anomalous Fist of War Support,5.0,0.0,0.0,0,0.0
Divergent Arcane Surge Support,14.0,45.0,0.0,0,0.0
Divergent Vicious Projectiles Support,8.0,68.0,0.0,0,0.0
Divergent Elemental Proliferation Support,6.4,0.0,0.0,0,0.0
Anomalous Hextouch Support,5.0,100.0,0.0,0,0.0
Divergent Warlord's Mark,6.0,100.0,0.0,0,0.0
Divergent Penance Brand,5.0,100.0,0.0,0,0.0
Anomalous Multiple Totems Support,9.0,92.0,0.0,0,0.0
Anomalous Brutality Support,5.0,40.0,0.0,0,0.0
Divergent Ambush,4.0,0.0,0.0,0,0.0
Divergent Fork Support,24.6,80.0,0.0,0,0.0
Divergent Snipe,4.8,0.0,0.0,0,0.0
Anomalous Bear Trap,10.0,118.94,0.0,0,0.0
Anomalous Innervate Support,5.0,19.4,0.0,0,0.0
Anomalous Multistrike Support,9.0,46.0,0.0,0,0.0
Anomalous Punishment,5.0,151.5,0.0,0,0.0
Anomalous Bloodlust Support,5.0,40.0,0.0,0,0.0
Divergent Second Wind Support,8.0,30.0,0.0,0,0.0
Anomalous Elemental Proliferation Support,5.0,84.2,0.0,0,0.0
Divergent Pinpoint Support,5.0,0.0,0.0,0,0.0
Anomalous Ensnaring Arrow,9.0,21.4,0.0,0,0.0
Divergent Volley Support,9.8,46.0,0.0,0,0.0
Divergent Elemental Hit,5.8,10.0,0.0,0,0.0
Block Chance Reduction Support,0.0,0.0,0.0,0,0.0
Divergent Smoke Mine,8.4,80.0,0.0,0,0.0
Divergent Increased Critical Strikes Support,14.6,82.0,0.0,0,0.0
Divergent Orb of Storms,5.0,130.0,0.0,0,0.0
Anomalous Flameblast,10.0,16.8,0.0,0,120.0
Anomalous Ancestral Call Support,5.0,70.0,0.0,0,0.0
Divergent Unleash Support,7.0,90.0,0.0,0,0.0
Blood and Sand,3.0,0.0,0.0,0,0.0
